FirstName,LastName,City,State,Email
Gary,Mata,Manuelstad,West Virginia,cjennings_hb7vq1@example.net
Lisa,Bauer,New Carol,New York,david71_7wsurq@example.net
Justin,Price,Daniellestad,Nebraska,thomaswalker_lq15g6@example.org
Timothy,Mccormick,North Rebekahborough,Georgia,jameslewis_ey27rp@example.com
Jeremiah,Rodriguez,Gregstad,South Carolina,cfrey_jmkjue@example.net
John,Dixon,North Joshua,Rhode Island,villegasdanny_19p8vk@example.net
Anna,Guerrero,North Jackfurt,Maine,yoderscott_5kw0bu@example.net
Shane,Forbes,Cainland,North Dakota,melissa28_va8wxp@example.net
Jim,Solomon,Myersburgh,Connecticut,david97_107u4y@example.org
Jennifer,Callahan,Andersonmouth,Oklahoma,wyatterik_bxcjzt@example.com
Mr.,Eric Fuentes,North Jessica,Kentucky,marco12_ldpto9@example.com
Margaret,Hudson,Lake Susanport,Maine,toddcarl_2gmw19@example.com
Benjamin,Richards,Johnside,Nebraska,dianeritter_fsw6vr@example.net
Destiny,Watson,New Robert,North Dakota,scott31_5ozyxc@example.org
James,Blake,Parkertown,Mississippi,rdavis_gkaffq@example.org
Kimberly,Anderson,West Michelleborough,New Mexico,oberry_ah5m4q@example.net
Brandon,Dean,Michaelport,North Carolina,randy44_vf3wmk@example.com
Mary,Mitchell,Nixonburgh,Idaho,montesashley_lqzkzg@example.net
Brandon,Clark,New James,North Dakota,bennettvanessa_jqov9p@example.net
John,Jones,Myersfurt,Virginia,robertmartin_dxjuy5@example.net
Suzanne,Burton,Lewisland,Georgia,jessica38_o9s6jb@example.com
Brian,Stephens,New Meganstad,Florida,nicholsmark_azyiir@example.net
Timothy,Nelson,South Scotthaven,Connecticut,darren43_d57cro@example.org
Laura,Hernandez,North Dakota,Pennsylvania,jeffery94_kirmie@example.net
Jeffrey,Novak,Christinahaven,Michigan,smithamber_7nvvx2@example.net
Kristina,Mcgee,New Robertshire,Florida,sonyaparker_q25aa5@example.org
Jason,Ramirez,Richardmouth,Texas,rrios_5duife@example.net
Sandra,Castro,Mercedesbury,Louisiana,fmendez_7wvore@example.net
Johnny,Moore,Jeremiahhaven,Hawaii,tylersmith_gmixc2@example.com
Katie,Fuller,North Sean,New Hampshire,david76_2uwr4d@example.org
Angela,Ray,Gutierrezborough,North Dakota,shughes_ggmw30@example.org
Jennifer,Oliver,Port Markmouth,New York,sarah49_sag7pd@example.com
James,Cordova Jr.,Lake Andre,Montana,sabrina29_tf6jfn@example.net
Peter,Washington,Lake Charles,Pennsylvania,catherine23_fw462f@example.org
Christopher,Moore,North Joshuamouth,New Jersey,rjohnson_4ibdk6@example.net
Tyler,Young,Jordanshire,Alabama,onovak_65bkwp@example.org
Kenneth,Church,Davidland,Vermont,gregorybrown_il5nac@example.net
Brian,Robinson,Crystalland,Hawaii,millerteresa_864xux@example.com
Christopher,Howard,Michaelburgh,Kansas,eadams_hnjkny@example.org
Danielle,Williams,Atkinsshire,Iowa,smithjacqueline_veh9ah@example.net
Jacob,David,Gregoryhaven,North Carolina,zavalajessica_3bm53o@example.org
Kayla,Conley MD,Nealville,West Virginia,carrollgregory_fmss1k@example.com
Jessica,Escobar,Foxstad,Iowa,jaykelly_fqpoje@example.com
Elizabeth,Parker,South Reginaldfurt,Massachusetts,ecurtis_14qxo6@example.net
Justin,Walsh,East Angel,Georgia,jessicajones_uga72v@example.org
Terri,Case,Shafferside,Nebraska,russellmcdaniel_f3wef2@example.net
Walter,Patel,East Erikabury,Oklahoma,alexisconrad_pznyft@example.com
John,Smith,New Stephen,Ohio,mistystephens_t51ktv@example.org
Paula,Wagner,Jenkinsside,Florida,adamaguirre_d6y158@example.net
Jason,Nelson,Port Miguel,Delaware,kellyschultz_50aw95@example.net
Calvin,Wilcox,Goodmanbury,Idaho,brandon50_81n3ra@example.org
Terri,Manning,Kevinton,Wisconsin,slutz_hgqnhk@example.com
Scott,Marshall,North Robinborough,Delaware,hornjoel_za6dnt@example.net
John,Mendoza,New Glenside,California,parkerruth_cc5na6@example.org
Ralph,Johnson,Hayleyhaven,Maryland,robinsonashley_f1i6yn@example.org
Danielle,Gutierrez,Pattersonville,New Hampshire,cruzdana_a7ie68@example.org
Frank,Andrade,Maryshire,Georgia,kleinandrea_w3ddvc@example.com
Eric,Barry,South Lisamouth,New Jersey,petersmary_616d38@example.net
Marcus,Jones,Thomasshire,North Dakota,philippatterson_jgxoch@example.org
Monica,Smith,Anitaland,Virginia,kingcathy_n8hfnp@example.net
Katrina,Thompson,West Joeland,Louisiana,udavis_w0jlgy@example.net
Richard,Simon,Robertport,Idaho,grosscolin_q32rfx@example.net
Heather,Coffey,Choitown,Arizona,cynthiajames_frfwey@example.net
Sarah,Wallace,East Geoffrey,Mississippi,holmesjames_ixyhl1@example.org
Michael,Gray,Austinburgh,New Hampshire,nancyandrade_tw0v06@example.org
Danielle,Gill,Burchshire,South Carolina,michael37_zdebed@example.net
Kevin,Gonzalez,Port Jeanberg,Nevada,ronald71_eqduvh@example.net
Natalie,Woodard,Thomasview,Montana,nvance_g5vvp8@example.net
Adam,Mcguire,Amandaport,Louisiana,abailey_zzx30v@example.org
Christine,Young,West Anthonyberg,West Virginia,woodkeith_qqmhol@example.org
Mr.,Joseph Perez,West Margaretfort,South Carolina,danielburns_8q7xbs@example.net
Cynthia,Gonzalez,Saraville,Texas,potterrenee_4tqoce@example.org
Sarah,David,Scotttown,Utah,tlandry_llwphe@example.net
Bryan,Simon,Christophertown,Wyoming,judith77_2fb9ws@example.net
Michael,Nunez,North Barbarashire,Massachusetts,brandonmaldonado_0qb9pa@example.org
Sarah,Hawkins,East Rachel,Oregon,stanleyedward_ug2h49@example.com
Nathan,Cobb,Lake Williestad,Mississippi,thomashorton_9ysuvj@example.org
Kathleen,Ward,Thomaston,Wyoming,nschmitt_io62kv@example.com
Joy,Williams,Watsonport,Mississippi,jesse44_e6ksnd@example.com
Michael,Woods,North Susan,Minnesota,alexander34_fjcloh@example.net
Chelsea,Kaufman,Donnaville,Washington,weberparker_kxybds@example.org
Paige,White,Jenniferfort,Tennessee,xmarshall_5tvzb9@example.net
Gregory,Shepherd,North Maryview,Florida,rboyd_eixmcx@example.net
Cassandra,Johnson,New Cassidy,Kansas,antonio90_qlzdif@example.org
Carla,Weber,Port Brandy,Hawaii,joseriley_rwsbsy@example.org
Calvin,Turner,Moorebury,Washington,wallerdillon_jzjdnf@example.com
Elizabeth,Tucker,East Matthew,Wisconsin,billyrice_rneuwk@example.net
Danielle,Adams,Walkerfurt,New York,perkinselizabeth_6wim63@example.net
Henry,Maxwell,North Kathleenville,Rhode Island,holly12_50q6im@example.org
Shawn,Robinson,Gravesbury,Connecticut,kimberlymoran_f7vliq@example.com
Marcus,Paul,Woodsfurt,Alabama,jonathanmccall_b135dn@example.net
James,Chapman,South Bryanshire,Vermont,ywalter_xlwg9g@example.org
Edward,Nelson,North Gregorybury,Washington,amiller_ec8xse@example.com
Andrea,Howard,East Emilytown,Nevada,andrewstammy_l4vamc@example.com
Erica,Suarez,Patrickport,New York,joshua63_uhspdp@example.org
Rachel,Boyd,East Diana,Texas,peter32_q31x4d@example.net
Dennis,Ryan,South Marthaberg,Montana,mvillarreal_mcgx1o@example.org
Alex,Petersen,East Carrieborough,Missouri,bryanhodge_6a3ta2@example.org
Charles,Arias,New Lawrenceshire,Nebraska,wilsonwilliam_36iw31@example.org
Nancy,Williams,Welchton,Virginia,micheleadkins_1z2sp5@example.net
Alex,Rodriguez,Atkinsonberg,Connecticut,jeffreymayer_jxjz8p@example.com
Hunter,Conrad,North Jessica,Maryland,kyletrujillo_ebqs9z@example.net
Brandon,Robbins,Annachester,Washington,wmendoza_aw3nof@example.net
Travis,Avila,North Brianstad,Montana,michaelgaines_qgwm11@example.com
Marcus,Thompson,Lake Diana,Georgia,larry47_yk96i8@example.org
Rachel,Thomas,South Mary,Minnesota,nphillips_o225vz@example.com
Lindsey,Wiley,Pearsonshire,Nevada,shane30_5z8g6a@example.net
Kelly,Cobb MD,Port Brianberg,Kentucky,lamrandall_mmx34j@example.com
Latoya,Cervantes,New Brenda,Arizona,omccarty_p23a45@example.net
Mark,Bell,Katiemouth,New Mexico,dustin26_qa3itj@example.com
Sarah,Moore,Port Daniel,Pennsylvania,nicholas74_4toxz0@example.org
Jason,Roberts,Olivermouth,Michigan,mooreheather_kvmhan@example.com
Kathleen,Moore,Rodriguezville,Maine,wanda52_eyxs39@example.net
Jason,Morris,Lake Jessica,Minnesota,pamelalong_7fa8cc@example.com
Paula,Shea DVM,South Ambermouth,Indiana,michelle83_4d1bog@example.org
Christopher,Jones,East Jordan,Tennessee,james60_ktq85m@example.org
Joshua,Mcclure,East Austinstad,Nevada,ewatson_snceep@example.org
Kenneth,Hogan,Lake Amyshire,Utah,obarajas_0d2rac@example.org
Andrew,Hart,East Stacey,Illinois,victorwright_nvw7k0@example.com
Sarah,Jarvis,West Michelle,Idaho,josefields_124l68@example.org
Lindsay,Moyer,Doyleland,Illinois,dhanna_lchsof@example.net
Robert,Rodriguez,Lake Lauraview,Colorado,isabella52_9s3oet@example.org
Emily,Thompson,West Elizabeth,Minnesota,carlsonphillip_cmholg@example.org
Michael,Frank,Barreraburgh,Utah,jonesmargaret_vegxmd@example.org
Kaitlin,Haney,Rachelside,New York,randall71_jo3ibk@example.net
Bradley,Deleon,New Karenview,Missouri,brooke61_rt3mtp@example.org
Christopher,Duran,Ryanburgh,Delaware,katherine06_cnhs2m@example.net
Michelle,Ramos,Whiteberg,Massachusetts,harriscraig_qw4117@example.org
William,Dixon,Port Laura,Kentucky,oliverjeffrey_ca6fn4@example.org
Mrs.,Molly Fitzgerald MD,Port Lynn,Maine,devans_534ty2@example.net
Debra,Perez,West Crystal,Alabama,juan19_apj63r@example.net
Jessica,Anderson,West Michael,North Carolina,wagnerjonathan_q9it5d@example.org
Ashley,Mccoy,Waltonborough,Nevada,michelefrancis_sd1hq9@example.com
Jessica,Stephenson,East George,South Dakota,walterdawn_9eha6h@example.net
Bruce,Henry,East Marystad,Oregon,wagnerjonathan_xqaopc@example.net
Perry,Davis,South Amber,Massachusetts,rodriguezmichael_dyv1w8@example.net
Kyle,Perry,Mathewsborough,Arkansas,thomas87_g9gt6w@example.net
Bryan,Morse,Colliermouth,Delaware,beckrichard_ouwiyp@example.com
Jennifer,Walker,Brownville,New Hampshire,kabbott_bm5qdt@example.org
Vanessa,Mejia,Jasonview,New York,michellepearson_5ilewr@example.com
Michael,Harvey,North Derrick,Illinois,ljones_ea7kdq@example.com
Christine,Knox,Amandaburgh,West Virginia,davidrandall_1liakg@example.org
Kelly,Barnes,Matthewhaven,Georgia,qbolton_x2y9gg@example.com
Lori,Thompson,Curtistown,Virginia,anngutierrez_doogm5@example.com
Luis,Hull,Port Timothyborough,Idaho,crawfordwanda_xboewy@example.com
Taylor,Delacruz,South Williamside,Alaska,robert78_9nk3bk@example.com
Geoffrey,Davis,Mirandaton,New York,eric66_ivm2re@example.org
Donna,Shea,Lake Daniellefort,New Jersey,melendezmichael_h2txjr@example.com
Alexander,Olson,South Tammy,Maine,paul04_0tpw7s@example.net
Amanda,Black,West Christine,Vermont,mathewsalexis_rrv8cj@example.net
Daniel,Randolph,North Kimberly,New Jersey,wshields_dc8uvl@example.org
Kimberly,Arias,South Danny,Wisconsin,lori62_dc7xrs@example.org
Ashley,Hawkins,North Erica,Rhode Island,christensenshannon_cy46e8@example.com
Deborah,Reid,South Amy,Hawaii,englishadam_d0eooq@example.com
Mrs.,Ashley Cisneros,West Vanessa,Pennsylvania,ycurry_66mgr7@example.net
Tyler,Nash,Hallfort,Utah,rodgerssamuel_4yquy1@example.net
Shannon,Kelly,Jensenview,Arkansas,hillmitchell_57sff1@example.net
Ashley,Russell,East Reginaldburgh,Hawaii,kgray_0rnka0@example.com
John,Clark,Ericksonville,Georgia,josephroberson_3gmifq@example.com
Marc,Foster,South Benjaminburgh,Arkansas,montgomerychristine_rehnw4@example.com
Evelyn,Garcia,New Bonnieport,Washington,fishercorey_u8v3xh@example.com
Wendy,Rhodes,East Gary,New Hampshire,woodbarbara_cchxt4@example.org
Scott,Hill,Cassidystad,Tennessee,morgangilbert_ylep1r@example.net
Richard,Williamson,Ashleyland,South Carolina,fyang_0t6ure@example.com
Denise,Rodriguez,New Brandy,Florida,fuentesjacqueline_1g28mw@example.org
Jaime,Kennedy,Mooremouth,Maryland,nicholsonrobert_fwpp2e@example.net
Erin,Ortega,West Anthonybury,Arizona,bowenlisa_0r7i51@example.com
James,Wang,Turnerside,Missouri,lindacole_dqpo2x@example.net
Daniel,Mcdonald,Port Melissa,Colorado,debrapeterson_cv2tbc@example.com
Jeremy,Garcia,Gomezport,Michigan,tara64_j1s7up@example.com
Jay,Hughes,Obrienbury,Virginia,peterclark_scoe75@example.org
Savannah,Adams,Benjaminhaven,Oklahoma,johnsonmarisa_qn9fqk@example.org
Nicholas,Terry,Mcdonaldside,Kansas,howardmadison_52aqeo@example.org
Kurt,Pearson,Tanyashire,Tennessee,dianacampbell_gc3yb8@example.com
James,Rose,South Holly,South Dakota,andrewjohnson_ti5a3j@example.com
Eric,Malone,Edwintown,Connecticut,walter97_9mk117@example.org
Kristi,Kaiser,Kimberlyfurt,Connecticut,alexisjackson_x8t8pt@example.org
James,Booker,North Alexanderfort,Alabama,jstanley_ep2osa@example.org
Aaron,Gregory,Petersonhaven,New Hampshire,wclark_k9tiz9@example.com
Tiffany,Elliott,Shellytown,Hawaii,robert27_7y8kb3@example.org
Robert,Meadows,South Pamela,Delaware,twalker_c0rh16@example.com
Christopher,Frazier,Sherylmouth,Colorado,wagnerlarry_ugvh4k@example.net
Dr.,Jasmine Daniels,Port Carrieside,Michigan,zfisher_uqaf8m@example.com
Bradley,Miller,Batesview,Wyoming,sharpgregory_v3tf22@example.net
Sarah,Crawford,New Katherinefort,Tennessee,flemingjonathan_x9vu9a@example.org
Dan,Stephenson,Port Johnshire,South Dakota,garyharrison_6idgun@example.net
Kevin,Lyons,East Nicole,Vermont,crawfordapril_6mkbdb@example.net
Julie,Jones,Port Jackie,Florida,yblackwell_dklcb5@example.net
Albert,Cole,Lake Christopher,Nebraska,robert80_pi83ku@example.net
Anthony,Bowen,South Samanthahaven,New Hampshire,wryan_8nkbx4@example.org
Samantha,Lowe,Williamsstad,Texas,jamescarter_5zyth7@example.com
Abigail,Bates,Garrettton,Alaska,vanessa97_b825yn@example.com
Kathryn,Crane MD,Davenportville,Alabama,hollysanchez_zzjjzv@example.com
Jacqueline,Green,Lake Zachary,Maine,cummingssarah_ok994v@example.org
Allison,Washington,New Bradleychester,Wisconsin,robertlowe_nrl3o8@example.net
Amanda,Burke,Michaelstad,Indiana,megan08_pswnrv@example.org
Anthony,Miller,Seanmouth,Maine,rickey26_ybtmb9@example.net
Jamie,Lee,Myersberg,Massachusetts,wagnerfrederick_qjuapg@example.net
Paul,Farley,Port Lindaside,Washington,calvin64_odhv81@example.net
Lawrence,Robinson,East Ann,New Hampshire,thomas38_6y74jn@example.com
Johnny,Mccall,Port Johnborough,New Jersey,kaitlyn94_lg8qw8@example.net
Christina,Mcgee,North Nicoleborough,Florida,turneremily_yqwxbs@example.org
Kimberly,Levy,Ronaldside,Virginia,adamselizabeth_vlcscf@example.org
Angela,Vega,West Juliehaven,Montana,leviduke_pdqtdy@example.org
Austin,Rodriguez,Richardhaven,Texas,steinsara_5mr5na@example.com
Russell,Smith,Morrismouth,Tennessee,john09_hk5x1e@example.net
Gregory,Burton,Patrickchester,Colorado,bethanyjohnson_dleleo@example.com
Alejandra,Nichols,Lake Michelle,Arkansas,edwardmcdonald_7legxq@example.org
Jennifer,Raymond,North Janet,Kentucky,hillpaul_48q7kt@example.com
Dan,Watson,Angieport,Kansas,elliottrichard_sdy1mr@example.com
John,Hammond,South Maria,Oklahoma,jasoncarter_5l9wew@example.net
Mary,Williams,North Ronald,Nebraska,lopezstephanie_zb02zw@example.com
David,Smith,South Peter,Delaware,robert70_3ul1pv@example.net
Donna,Hansen,South Jennifer,Florida,andreaavery_ak9zez@example.org
Vicki,Meyer,Jessicaview,Rhode Island,ethanmoore_rapz0u@example.net
Susan,Wyatt,Stevenview,Tennessee,valerie15_5q81w6@example.com
Alan,Brown,Port Adam,Pennsylvania,littlecynthia_j22ik5@example.org
Claudia,Maddox,New Kristin,Illinois,garrett44_psxjqt@example.com
David,Allen,Mitchellton,Alaska,jessica26_czwi7x@example.net
Timothy,Romero,Port Jeremyville,North Dakota,anthonyweeks_8n0drp@example.net
Tiffany,Lopez,New Shannonview,Washington,jeffreylopez_lpao0x@example.com
Katherine,Bell,Cathyberg,California,ilarsen_2fkrjy@example.net
Melissa,Hernandez,Toddfort,Indiana,lisa31_kkzab1@example.org
Alexander,Walsh,New Daniel,Nevada,ibrown_k77s65@example.com
Christopher,Chambers,Jessicaburgh,South Carolina,rachel38_8ton5j@example.net
Karen,Williamson,Marshallmouth,Pennsylvania,hogankathy_aam5uv@example.com
Susan,Zamora,New Richardton,Massachusetts,jesse92_77stzj@example.com
Mary,Brown,New Melissa,Wyoming,linda52_5i5g0x@example.org
Justin,Roberts,North Teresabury,Kentucky,coxhannah_fnyhya@example.net
Brandon,York,Lake Johnfort,Kansas,gregoryjohnson_5hzczt@example.org
Shelley,Harvey,North Danielmouth,Louisiana,rhayes_ap10fq@example.org
Joseph,Kim,Jacobchester,Idaho,brandthelen_3ptez7@example.com
Angela,Bell,North Benjaminport,Oklahoma,jacqueline17_gnlgkl@example.com
Chad,Walsh,Woodside,Kansas,hopkinscaitlin_7s5ef3@example.net
Amanda,Beck,Josephberg,California,natashamack_drk0c0@example.com
Daniel,Campbell,Jonesborough,Maine,larryprince_jpdcgd@example.net
Vanessa,Gordon,Anthonystad,North Carolina,stevenclark_7a8us7@example.org
Dawn,Owen,Brayberg,New Mexico,hernandezwilliam_64c7t1@example.org
Stephen,Richardson,South Sabrina,South Carolina,jamesmichelle_u5q9ev@example.com
Robert,Fisher,Port Sandratown,Arizona,lisaedwards_rtbaa6@example.org
Anthony,Wells,New Dorothy,California,amorales_myo9tc@example.net
Kathryn,Jacobs,East Mitchell,Wisconsin,avilaamanda_72a2rk@example.net
Spencer,Castaneda,North Matthewville,Montana,mariacampbell_90zr3v@example.com
Karen,Taylor,Monicatown,Indiana,rosalesscott_e1z900@example.net
Richard,Jackson,South Miguelstad,Tennessee,pwilliams_51t2lr@example.org
William,Martin,Jacquelinemouth,Maryland,wweeks_mt3qlq@example.org
David,Murphy,East Josefort,New Hampshire,lindsay95_iq5kz4@example.com
Julie,Torres,Jerryton,Maine,brianortega_get9e8@example.com
John,Fry,South Michaelburgh,Ohio,dramirez_op4b63@example.com
David,Diaz,Paigemouth,North Carolina,amber63_uyqoae@example.net
Fred,Ruiz,Tonyahaven,Kansas,fisherchristopher_0ia9zm@example.net
Ronald,Peters,Lake Madisonview,Iowa,brooke77_trydh3@example.com
John,Long,South Carolside,Nebraska,whobbs_yvx59k@example.net
Mark,Phelps,Smithchester,Texas,websterjose_jvi127@example.com
James,Wade,Lake Deborah,Minnesota,gguzman_taj2qt@example.com
Michael,Alexander,Lake Jeanborough,Nevada,aaronrodgers_8g7743@example.com
Kari,Landry,Markmouth,West Virginia,derek31_eixbtv@example.org
Tiffany,Mayo,New Josephton,Iowa,taylor23_xywcqs@example.net
Andrew,Robertson,East Christineberg,Nebraska,townsendcindy_n1eygi@example.net
Lisa,Floyd,Roblesberg,Delaware,troy67_utefvi@example.net
Jennifer,Cortez,Garciastad,Colorado,bushjamie_cg5uei@example.com
Anita,Hopkins,North Debbie,Virginia,fostermichelle_d5m4xu@example.com
Douglas,Anderson,Riveraberg,Illinois,hernandezjesus_krl62a@example.net
Timothy,Murphy,North Mariachester,Tennessee,zdavis_f0tb5o@example.com
Michael,Hernandez,Feliciafurt,New York,dparker_99i0du@example.com
Taylor,Rodriguez,East Paul,Iowa,joshua05_dpb1p0@example.org
Benjamin,Jensen,Samanthaview,Idaho,ierickson_m528ej@example.net
Kendra,Perkins,New John,Ohio,jonesjohn_pktmoa@example.com
William,Mullen,Port Joseph,Hawaii,blawrence_fz4v3e@example.net
Tammy,Hoffman,Davisview,Indiana,thomasbobby_cli4q5@example.com
Thomas,Simon,Shelleychester,New Mexico,igreen_j012jp@example.net
Gina,Fuentes,Danielview,New York,stephen45_dhpzd0@example.com
Michael,Townsend,North Jasontown,Virginia,uestrada_q4foqc@example.com
Elizabeth,Atkins,North Adamshire,Mississippi,darrenherrera_btxlxr@example.org
David,Brown,New Nancy,North Dakota,christopherlane_c4df64@example.net
Jennifer,Doyle,North Brentside,Kansas,cballard_oi05vm@example.org
David,Bryant,Lake Mariashire,West Virginia,ronaldestrada_j0f1zu@example.com
Jon,Pennington,North Amanda,North Dakota,brandonlogan_kyz6p3@example.net
Monica,Kelley,Joshuahaven,Oregon,nmiller_sbt75n@example.net
Diana,Duncan,East Miguelmouth,Nevada,christine27_0jfmko@example.net
Ashley,Mcintosh,Anneberg,Washington,qmcclure_7ox39u@example.net
Randall,Gardner,Crawfordchester,Utah,hallkenneth_m67gfu@example.org
Sharon,Hudson,East Robert,Vermont,xfox_vvk5vd@example.com
Scott,Lambert,Briannaview,Virginia,urogers_pyw6dr@example.net
Danny,Contreras,Edwinton,Montana,hpeters_66n65w@example.net
Jeffrey,Mcfarland,West William,Virginia,elizabeth53_ngu7u4@example.com
Dana,Aguirre,New Ronald,Wisconsin,rita69_q5ru93@example.org
Amanda,Williams,South Louis,Tennessee,alvaradomelinda_47z22a@example.org
Morgan,Gonzalez,Bradleyhaven,Wyoming,xhays_coxich@example.net
Brandon,Ewing,Lake Toddtown,Alabama,stephanie66_wvvchv@example.org
Ashlee,Jenkins,Kimberlyfort,Alaska,torrestodd_o6t70l@example.org
John,Reynolds,Anthonyview,Connecticut,cindycarter_1ytgpv@example.com
Dennis,Evans,South Timothy,Wyoming,cohenjoshua_oygtbf@example.org
Christopher,Moore,Lake Christophertown,Virginia,braunwilliam_up5irp@example.com
Wanda,Knox,Lake Brett,Colorado,markschristopher_f9o28q@example.net
Monique,Adams,Proctorton,Arkansas,courtneygardner_uvuyh0@example.org
Julie,Gonzalez,Port Kimberly,New Hampshire,nicholasanthony_6e3oh8@example.org
Cynthia,Drake,Port Zacharychester,Alabama,dstewart_z40h4c@example.org
Tiffany,Johnson,Shafferberg,Nebraska,eric18_67ljj0@example.net
Dr.,John Mclaughlin MD,West Christophershire,West Virginia,jstrong_qrkzau@example.org
Fernando,Mitchell,Heathershire,Nevada,chenwilliam_lu6cwb@example.net
Elizabeth,Clark,Stricklandland,Hawaii,ryanmckee_ndmafv@example.org
Bryan,Garcia,East Randy,New Mexico,gregory28_xr2kkn@example.net
Teresa,Cruz,Jensenburgh,New Hampshire,paulawebster_vmpf8j@example.com
Michael,Welch,Erictown,Wisconsin,gregorybrown_qosfzq@example.com
Mrs.,Dominique Ross,North Gabriellehaven,Mississippi,ryan81_wts9cr@example.org
Wesley,Hall,South Elizabeth,Arkansas,bcaldwell_wemcka@example.com
David,Hopkins,East Leslie,Idaho,jasonbernard_naogg5@example.org
Vincent,Garcia,New Kennethhaven,Nevada,kyoung_p2jbjk@example.com
Courtney,Nelson,Masseyfurt,Hawaii,wrightmelissa_qsrnms@example.net
Wesley,Frank,Lake Ericfurt,Connecticut,alexawilson_je8grl@example.com
John,Williams,Margaretberg,South Dakota,jeffreysmith_00bo0u@example.org
Brian,Kelly,Andersonstad,Georgia,wwillis_6j292t@example.org
Natalie,Mills,East Edwardland,New Mexico,ericwhite_qgrhw9@example.net
Thomas,Mcintyre,Charlesville,Alabama,vwagner_og3bje@example.net
John,Wilson,Williamschester,Washington,sharonjames_rhpcq3@example.net
Julia,Wilson,Christopherport,Alabama,bramirez_if2iwf@example.com
John,Hansen,Lake Megan,New York,obaker_fctucm@example.com
Theresa,Mitchell,Ramirezberg,Minnesota,lance20_0tmqkt@example.org
Emily,Martinez,Lewisport,Kansas,normagibson_hvqfbb@example.net
Timothy,Dennis,New Traceyview,New Jersey,caroline67_cpqd3z@example.com
Gerald,Dean,Patrickton,New Mexico,michael10_9279qo@example.com
Christopher,Cochran,West Amy,Maine,richardbond_lfi5fr@example.com
Jon,Jones,West Daniel,Indiana,andrew47_gzjzt1@example.com
Samantha,Duffy,Lake Jennifer,Wyoming,meredithtucker_c107pm@example.com
Kevin,Carrillo,Scottview,Maryland,kelseynorman_wdwwcn@example.org
Benjamin,Wallace MD,Bryantmouth,Tennessee,melindaholt_nhdrl9@example.com
Diana,Rose,East Suzanneland,North Dakota,greencameron_ocxcai@example.com
Walter,Kirby,Sandratown,Alabama,stephensonbridget_a00t1q@example.com
Michael,Gonzales,Port Adamside,Washington,johnsonlonnie_4bnv6d@example.com
Edwin,Freeman,New Stevenville,Florida,yolandaunderwood_6bthvd@example.org
James,Jones,South Daniel,Wisconsin,bbriggs_s66ttx@example.org
Tonya,Williams,South Davidshire,Florida,iallen_b0i36d@example.net
Ashley,Boyd,Stevenhaven,Massachusetts,paul95_n305iz@example.net
Kayla,Perez,Patelborough,Arkansas,jgarcia_uvi3ej@example.net
Adam,Murphy,Lake Cynthiamouth,Maine,evazquez_6e9ioy@example.net
Richard,Cain,Lake David,Colorado,maddenpatricia_dlthli@example.com
Jerry,Allen,Khanview,Maine,cooperjose_trvimo@example.org
Lisa,Tran,Port Terryborough,Nebraska,lward_xq86v1@example.net
Ryan,Thomas,Donnaville,Louisiana,xcole_7dma19@example.net
Chelsea,Thomas,Fosterbury,Wisconsin,amartin_qn9bws@example.com
Nathan,Ross,East Johnathanmouth,Pennsylvania,kellersheila_u8xws2@example.com
Mackenzie,Smith,Chadview,Minnesota,montesdavid_6epsn7@example.org
James,Phelps,East Richard,Idaho,george93_agiv76@example.com
Karen,Walton,Lake Jake,Indiana,jeffreyadams_ku44x8@example.com
Shelley,Navarro,Jamieton,Kentucky,jonathan05_lb0ha3@example.org
Hannah,Saunders,Glenport,Alaska,gilbertgina_wgkxzj@example.net
Raymond,Hendricks,Emilyhaven,North Carolina,carlsonamanda_88ntdd@example.com
Lisa,Jacobs,West Kelly,Rhode Island,carmenjones_j5fiv6@example.org
Wendy,Freeman,Robinton,Arkansas,yvonneschultz_dcd3k8@example.com
Jonathan,Chambers,Jamesburgh,Wyoming,sergiomcclain_ge0jrq@example.net
Nicholas,Williams,Fischertown,Vermont,snyderashley_mmanhv@example.com
Tracy,Martinez,East Johnborough,Washington,gloverchris_prjebd@example.org
Catherine,Johnson,East Anne,Wisconsin,roachjames_wavtw3@example.net
Brian,Andrews,New Anthony,Tennessee,justin22_pnbv0g@example.org
Christopher,Price,Johnsonville,Rhode Island,eric38_z2odww@example.net
Virginia,Roberts,South Patricia,North Carolina,william75_mcxfj3@example.net
Chase,Hernandez,Sanfordmouth,Indiana,floydteresa_26xc0p@example.net
Juan,White,South Dennis,Wyoming,jeffreybarnes_poup7m@example.com
Joanne,Owens,Davidland,Montana,erichenry_b4bx9d@example.org
Daniel,Ward,Bryanville,Montana,vmiller_2vis2m@example.org
Frank,Collins,Port Jeremyberg,Washington,davisangela_dqc61p@example.net
Bryan,Mckenzie,East Tracyside,Minnesota,lauren30_cs7pdt@example.net
Matthew,Thomas,Jacksonside,Connecticut,rharris_n5jtna@example.net
Mr.,Michael Hart,South Maria,South Dakota,michellemiller_d7vbn5@example.net
Jose,Mendoza,Port Daleside,Rhode Island,thomasrivera_ut69e2@example.com
Sarah,Washington,New Mariashire,North Dakota,michaelmckee_mh55u3@example.net
Erin,Reilly,East Samantha,New York,jennifer14_j3ttnc@example.net
Kimberly,Hernandez,Port Donald,Nevada,timothy56_damy57@example.org
Robert,Stevenson,East Mary,Texas,michael05_vvzgwp@example.org
Sean,Patterson,Parkstad,Louisiana,anthonymorales_zay8xx@example.com
Luke,Robinson,Boonemouth,Arizona,ecross_wid91c@example.net
Jason,Johnson Jr.,Port Ashley,Delaware,claire45_5u1e8l@example.net
Kayla,Murphy,Johnport,Montana,brockkelly_2168xr@example.com
Ashley,Diaz,Khanhaven,Wyoming,james43_yganei@example.net
Lydia,Hughes,West Carlaville,Illinois,brendagaines_ctsld0@example.com
David,Swanson,Shaneberg,North Carolina,isaac93_3r1smx@example.com
Dean,Welch,North Emily,Missouri,melissaholmes_hoiiqw@example.org
Leslie,Rodriguez,West Chris,Illinois,phillipkerr_p655tq@example.org
Katelyn,Poole,North Douglastown,Louisiana,xwashington_hrovaz@example.net
Rebecca,Phillips,Housefort,Nebraska,aliciakeller_53evi5@example.net
Derek,Dixon,Houstonport,Washington,cchristensen_i7m3lr@example.com
Rachel,Scott,Brownberg,South Carolina,gcooper_0igm58@example.net
Janet,Foster,Janicebury,New Mexico,kristinamullins_ijgbnu@example.com
Deborah,Snyder,Tuckerchester,Florida,davisjulie_vgfgb2@example.org
Amber,Marshall,Angelachester,Minnesota,sandersabigail_kdzx8q@example.net
Lauren,Sanford,Johnsonside,Massachusetts,jill81_xmxhwb@example.com
Allison,Brown,Port Jay,New York,bvargas_t02oyl@example.org
Marissa,Escobar,East Jeremy,Alaska,jimmy90_r6fa38@example.com
Dustin,Blackwell,West Kenneth,Oregon,manuelgill_ojrpuf@example.com
Austin,Jones,South Ariel,Mississippi,carpentercathy_6ylu6u@example.com
Linda,Crosby,Lake Robert,Iowa,debra08_4e2feb@example.com
Katie,Olsen,Lake Susanmouth,Nevada,gutierrezchad_eq1qsh@example.com
Roberta,Davis,Coryburgh,New Mexico,emily06_fs7av9@example.org
Ashley,Bailey,Scottshire,Oregon,lewischristopher_bvmtl8@example.org
Stephanie,Oneal,New Alyssa,Maryland,akeller_u3ieao@example.org
Chad,Price,West Autumn,Pennsylvania,conwayscott_0e76x9@example.org
David,Johnson,Michaelville,Wyoming,collierpaige_uk4nsq@example.org
Angela,Lynch,Lake Taylorborough,Colorado,patrick12_j7nkal@example.com
Sarah,Taylor,Sandersborough,Oklahoma,cgriffith_l89j58@example.net
Kathy,Bryant,Joelville,North Dakota,grichardson_p3lbva@example.com
Erica,Munoz,Andersonchester,Indiana,huangstephanie_q2ngvk@example.org
Kimberly,Roy,Alexanderfurt,New Hampshire,alewis_osmhd7@example.org
Kelly,Mcintosh,Port Loritown,Florida,marybrown_pwio2c@example.com
Daniel,Ware,East Markmouth,Kansas,benjaminbrown_dhhlf3@example.org
Julian,Johnson,Port Jennifer,Louisiana,mark03_wo94dl@example.com
Darren,Burnett,Sellersbury,Washington,wileychristian_x6fgl2@example.net
Matthew,Lindsey,New Sarah,Kentucky,jameshall_fvfftz@example.net
Todd,Russell,West Amberton,Wyoming,pauljohnson_0elgnt@example.com
Derek,Williams,Bradleyfurt,Texas,tim10_pp6b8q@example.com
Samantha,Wood,East Brendastad,Virginia,mathisantonio_48kh25@example.com
Michelle,Sullivan,Dustinbury,Iowa,brittney31_wlaxlt@example.com
Kimberly,Thompson,West Tina,West Virginia,odudley_rb0qwf@example.net
April,Sawyer,Lake Marvinmouth,Indiana,smithcasey_d5ly08@example.org
Christopher,Jones,Lake Tonymouth,Connecticut,troy62_d462zu@example.org
John,Mayer,North Juan,Kentucky,jjohnson_ze745m@example.net
Andrea,Cunningham,New Ian,Louisiana,jamescampbell_gfpvmc@example.net
Maria,Gutierrez,Lake Kristie,Georgia,jordanalyssa_2as5p6@example.com
Renee,Weaver,Andersonton,Georgia,connie99_xbfal3@example.com
Brianna,Gonzales,Lauramouth,Hawaii,allensharon_c3ey26@example.net
Dean,Moore,Rebeccashire,New York,gonzalezstephanie_m2eznu@example.net
Jason,Benjamin,New Rebecca,New Mexico,lsoto_tvgoth@example.com
Heather,Mills,Josephside,New Mexico,roberta44_wyq8xy@example.org
Andrea,Morales,Batesville,Maine,erinbailey_sgo83g@example.org
Nancy,Green,New Linda,Maryland,rachel57_rsn6oy@example.net
Warren,Barnes,South Margaretborough,Oklahoma,lbest_eqhbvh@example.net
Michael,Clarke,North Brandonberg,South Dakota,christopher74_30kjrc@example.com
Jacob,White,Hughestown,Hawaii,victorbell_udt8zj@example.org
Michelle,Calhoun,Stanleyview,North Carolina,austinjackson_1db4vl@example.org
Matthew,Mcclain,Gloriaburgh,Tennessee,beltranashley_6tzco7@example.org
Brenda,Erickson,Jenniferborough,Colorado,nhunter_0r9vny@example.org
James,Ramirez,New Keithville,Indiana,eddiehurst_dk494d@example.org
Tina,Cruz,West Nicole,Oklahoma,martinezdouglas_8bmzlv@example.org
Jamie,Hansen,East Cathybury,New Mexico,danielkirby_wlwhke@example.com
Heather,Jones,Moralesview,Oregon,paul40_wfupoe@example.net
Robert,Lewis,Smithside,Ohio,jamesmartin_bcookp@example.org
Todd,Franklin,Andrewside,Arkansas,davidsalas_dp6nhw@example.com
Edward,Hernandez,Port Jacob,Pennsylvania,adammcintosh_b79aox@example.net
Lori,Stanton,Lake Paige,Idaho,martinezstephen_3y30xc@example.net
Lisa,Adams,South Michaelfort,Oklahoma,howardmichael_k1xme5@example.org
Barbara,Aguilar,Obrienfurt,Ohio,tnelson_jsv883@example.com
Tiffany,May,Valdezview,New Hampshire,vmiles_kns8zh@example.net
Patricia,Morgan,West Tracy,Louisiana,kellyrubio_bost9a@example.net
Julie,Hartman,Morganton,Montana,oalvarado_imcz8g@example.net
Tammy,Bates,South Lisaland,New Jersey,hernandezleslie_1k5l2i@example.net
Elizabeth,Dennis,South Rita,Arkansas,jessicaboyd_hyindz@example.com
Kathy,Schmidt,Dawnburgh,Kentucky,kvang_m52q9g@example.com
William,Hernandez,Lake Nicholas,Tennessee,john90_cr60gv@example.com
Christy,Pace,Fletchertown,Massachusetts,kathryncox_wixfvs@example.org
Crystal,Baker,Yangview,Hawaii,thomas62_2bjpdj@example.net
Kristen,Rhodes,New Timothy,Minnesota,nicholas51_a96xpu@example.net
Heather,George,Freemanville,Tennessee,marygilbert_sn91up@example.org
Zachary,Moore,South Kimberly,Virginia,pwells_ngtnv4@example.com
Keith,Russell,Reginaldmouth,North Carolina,egomez_259i09@example.com
David,Blanchard,Joshuabury,New Jersey,michael70_nffbhr@example.com
Cindy,Silva,Brendachester,Vermont,jonathan83_bsfz89@example.com
Wayne,Young,Lake Feliciamouth,West Virginia,youngcraig_u5zfrx@example.org
Michael,Wilson,Jeffreyburgh,Arkansas,erinwade_hqzq9m@example.com
Daniel,Thompson,Armstrongstad,Minnesota,smithdanielle_2gxz71@example.org
Roy,Rodriguez,East Miguel,Tennessee,benjamin19_ie14v0@example.net
Jeanette,Vazquez,New Luke,Pennsylvania,alexis92_78ffu2@example.org
Anthony,Schmitt,Barnesberg,New Mexico,waynechase_th6tz7@example.com
David,Beasley,Sullivanmouth,Florida,evanscarol_mv4m25@example.com
Jamie,Moon,East Corey,Mississippi,hughesandrew_5ig9ab@example.com
Christopher,Gregory,West Anthony,South Carolina,amycoleman_75vn2k@example.net
Sharon,Alexander,Goodwintown,Alabama,joshuaharris_5cisf2@example.com
Joseph,Sanford,New Stevenmouth,Maryland,nielsendavid_p9cn49@example.org
Michael,Soto,New Kennethfort,South Dakota,sallen_zndb2h@example.org
Christopher,Green,Hodgesfurt,Mississippi,sloanbradley_h74a4s@example.net
Brittany,Thompson,North Chadton,Kansas,amy29_739k70@example.net
Richard,Matthews,North Stephanie,Wisconsin,jaclyn77_5vvud3@example.net
Colin,Moore,North Brandy,Kansas,daniellehinton_t1bmtl@example.org
Lisa,Gray,Nancybury,Maryland,brookehubbard_6zurfw@example.net
Wesley,Johnson,Port Destinystad,New Hampshire,lambertamanda_rsvefp@example.com
Mark,Nielsen,South Jeffrey,Iowa,ufrench_jhpbv1@example.net
Linda,Gomez,Campbellshire,Delaware,emmapoole_e79c3y@example.com
Gary,Adams,Elizabethside,South Dakota,stacey82_qt5m9o@example.net
Katie,Flores,Robertmouth,Colorado,lhart_5kuxr7@example.org
Nathan,Goodman,Lake Jenniferview,Montana,ahopkins_6jvo3e@example.net
Mrs.,Christina Martin,West Juliaburgh,Idaho,bowmantrevor_f6zhvn@example.com
Helen,Holloway,New Amy,Florida,bbaird_wt3u38@example.org
Heather,Dalton,Johnsonton,Michigan,natalie57_tblnzn@example.net
Hannah,Baker,Johnsonstad,Tennessee,rick25_aqiwfu@example.org
Kimberly,Macias,East Troychester,Minnesota,brandonmathews_x6k96a@example.org
George,Martin,New Jamesfurt,Florida,johnathansanchez_b3x7pr@example.com
Nathaniel,Jackson,North Miguelmouth,Washington,jennifer66_m2gx1c@example.net
Dawn,Gallegos,Lynnborough,Massachusetts,littlepamela_9abeta@example.org
Bobby,Hicks,West Jacqueline,New Jersey,gordonjose_o69mnf@example.org
Matthew,Parker,East Danielle,Wyoming,anthony86_jch1sh@example.com
Dennis,Charles,Port Andrewfurt,Idaho,kpeterson_k7a6u7@example.net
Katrina,Harper,Davisville,Iowa,bellsarah_6z1d9q@example.com
Stephanie,Ochoa,North Duanefort,Mississippi,mccormickvictoria_ejpxzs@example.com
Melissa,Juarez,Joneston,Wisconsin,destiny66_nzuwpu@example.net
Douglas,Spencer,Smithton,Nebraska,willie74_4my19a@example.net
Juan,Davis,New Eddiehaven,Virginia,romanrichard_3di7db@example.org
Michael,Watts,Lake Emilyberg,Rhode Island,rogerharris_5l9mck@example.com
Tiffany,Weber,Bellbury,Hawaii,ricky57_8xiblw@example.org
Casey,Edwards,New Felicia,North Dakota,kmatthews_dbb1rm@example.org
Casey,Johnson,Shannonshire,Arkansas,rodriguezjamie_dccbfd@example.org
David,Fernandez,West James,Kansas,rosssarah_jp3ml3@example.net
Anna,Baldwin,Moorebury,Oklahoma,hrios_b0l6mr@example.net
Michele,Bentley,New Joshua,North Dakota,shawn06_gwpj5a@example.org
Tyler,Diaz,New James,Utah,christophercolon_l8poou@example.com
Crystal,Horton,Jameschester,Mississippi,millermarcia_5my1md@example.net
Christopher,Knight,Clarkmouth,Texas,inichols_6d1032@example.net
Ryan,Gomez,Port Nicole,Oklahoma,jason93_6hld60@example.org
Dennis,Moss,Seanland,Massachusetts,malexander_kim3fo@example.com
Jesse,Williams,Lake Joshuaborough,Virginia,larsonkelly_b5tggf@example.com
Brent,Smith,West Elizabeth,Massachusetts,howejohn_p6wi1d@example.net
Jessica,Williamson,Jenniferfort,Massachusetts,morganjustin_ps0bsx@example.com
Samantha,Ochoa,Holmestown,South Carolina,harriswendy_chapx0@example.net
Eric,Cook,East Katie,Hawaii,levans_f7mnvf@example.org
Jennifer,Miller,Port Richardbury,Indiana,carrie15_vpkqtw@example.com
Nichole,Beck,New Ryan,South Carolina,fvasquez_tij6eb@example.org
John,Rosales,Port Kristinaborough,Illinois,heathermaynard_9vtrvw@example.net
Lindsey,Lewis,Cartertown,Indiana,hollydalton_k1e33t@example.com
Jason,Shaffer,North Melissaburgh,Maryland,donnagonzalez_qeo4nr@example.com
James,Perez,South Margarettown,Hawaii,navarrorobin_lle2hm@example.com
Misty,Lopez,South Crystalborough,Wisconsin,darleneho_hgpgpu@example.net
Timothy,Henry,East Jon,Arizona,scott17_sfow8y@example.com
Monica,Terry,North Andrea,Tennessee,copelandhannah_od15dc@example.com
Jennifer,Ford,Ricemouth,Maine,hsimpson_5i9ie4@example.net
Amy,Clark,West Nancyburgh,Massachusetts,bryce68_06qb7i@example.com
Matthew,Thomas,South Kimberly,Michigan,solisangel_0afumk@example.net
Emily,Brooks,South Andrew,Colorado,rachelsavage_r9e0vt@example.com
Michelle,Wallace,East Kevinberg,Hawaii,robinsmith_tgyvcp@example.net
Kelly,Jenkins,Kimtown,Wisconsin,kimberly52_u03q18@example.com
Kara,Holden,New Randy,Idaho,michelle64_32m3ra@example.net
Damon,Brady,North Kevin,Oklahoma,vweiss_48gv4w@example.com
Joseph,Ramos,Romanhaven,New Jersey,sandersgregory_r3fvgq@example.com
Stacey,Rose,Stevenmouth,North Carolina,nicole26_4fhyqu@example.com
Dr.,Phillip Brooks MD,Matthewfurt,New Hampshire,fweeks_a6uwlv@example.org
Jennifer,Moss,Scottchester,Texas,donaldnunez_627y2x@example.net
Michael,Fisher,Williamsfort,Georgia,mooredavid_onq2i6@example.com
Anthony,Ramos,Pageland,Iowa,joshua45_q57uqr@example.org
John,Malone,South Davidmouth,South Dakota,william29_3iqu0n@example.org
Teresa,Dennis,Port Paulborough,Washington,bakerlori_0ldkta@example.org
Christina,Grant,Barrtown,Michigan,estradaaaron_8g7z50@example.org
Bryan,Howell,East Jasonville,Hawaii,victoriawilliams_jn26ft@example.net
Teresa,Dixon,West Jessica,Georgia,reynoldsangela_ilfs4m@example.net
Caitlin,Kennedy,Mcdanielmouth,Alabama,opittman_7s60f3@example.org
Samantha,White,New Mark,West Virginia,nicolebrown_wl15d0@example.org
Samuel,Harris,Leehaven,Wyoming,ldouglas_p7bd8v@example.org
Timothy,Chen,Savannahton,Wyoming,arnoldpeter_knimad@example.com
Monica,Tate,Christopherhaven,Kansas,john32_k2n9px@example.com
John,Suarez,Nicoleport,Kentucky,ashley04_zammfe@example.net
Don,Johnson,Thomasbury,Oklahoma,peggy88_mm1u35@example.com
Steven,Haynes,East Tracey,Utah,uchang_i5kzgi@example.net
Christopher,Lopez,Baileyview,Wyoming,lisa10_2aope6@example.com
Emily,Brown,Ramosside,Kansas,johnjones_5n172m@example.net
Brandon,Taylor,Port Jakeberg,New Jersey,uhill_mj7n5f@example.net
Angela,Young,Paulaburgh,Maryland,leah76_n50jlg@example.org
William,Grant,Lake Jacquelineton,South Dakota,barronconnie_de835f@example.net
Adam,Hall,South John,Kentucky,willisdavid_ve4yzm@example.org
Kevin,Rios,Jacobburgh,Hawaii,swilliams_av4h12@example.net
Jordan,Barrett MD,Stephenhaven,Hawaii,lisamurphy_lyv0u1@example.org
Eric,Smith,East Marvinton,New Jersey,davismolly_wasryd@example.net
Richard,Jenkins,Dustinbury,Alabama,medinatracy_fzyi42@example.net
Eileen,Rodriguez,West Theresa,New Mexico,sandramoore_ehq3rg@example.net
Joseph,Garrett,West Dawn,South Carolina,wrightrobert_0gpmwo@example.net
Audrey,Sanchez,Port Troytown,Louisiana,connormendoza_h81ush@example.org
Charles,Pittman,Alanhaven,Kentucky,sbecker_sb7qsk@example.net
Alyssa,Watson,Jonesville,Oklahoma,anthony31_q53359@example.org
Michele,Bell,Jenniferfurt,North Carolina,joseph68_rdmx6y@example.com
Matthew,Reed,Thompsonland,Tennessee,kimberly06_bhh9ls@example.org
Sarah,Swanson,Richardsonbury,South Carolina,uwallace_lu7u7f@example.com
Jonathan,Monroe,Aaronview,Washington,dlopez_rl7c6p@example.com
Nancy,Sims,Steelestad,Kentucky,edwardsraven_oqaatq@example.com
Michael,Johnson,North Davidtown,Washington,ashley04_f2k2ol@example.net
Brian,Case,Mooreville,North Dakota,ocole_hvmu4l@example.net
Robert,Taylor,New Angelastad,Vermont,cheyenne63_tlq9y1@example.net
Patrick,Ward,Castroview,Alaska,nicholsashley_5c7yce@example.com
Kelly,Villanueva,North Adam,South Carolina,daniel63_eq60y5@example.net
Laurie,Johnson,Port Madeline,New Mexico,ellenberg_pyps03@example.org
Christie,Jennings,South Samantha,South Carolina,mcleanchristopher_xg7mve@example.net
Rebecca,Thomas,Port William,Alabama,lorihoward_03v2w4@example.com
Xavier,Bush,Port Stephanieland,Georgia,ronaldpeterson_b37fo5@example.org
Amy,French,New Noahburgh,Florida,carlypugh_oo2sb9@example.net
Brenda,Michael,West Robertofurt,Colorado,cherylpatrick_o2a060@example.com
Jeffrey,Roth,Harmonbury,Alabama,melvinbeck_bvfrve@example.net
Amanda,Gonzalez,New Kimberly,Arkansas,williamschristopher_jfbtsj@example.net
Susan,Cantu,South Sean,Montana,gchavez_l95i68@example.com
Angela,Williams,Kaylabury,Illinois,doris44_dzg2z1@example.com
Brian,Porter,Mossside,Kentucky,prusso_g0mm8f@example.net
Doris,Cabrera,West Josephfort,South Carolina,nancyrosario_zsp0q2@example.net
Hannah,Singleton,Gomezport,Nebraska,christinawalter_09xj44@example.net
Joseph,Garner,Erintown,West Virginia,heathercastro_qywb9x@example.com
Jeffrey,Lam,Samuelborough,New Mexico,sberger_3peoh8@example.com
Cindy,Taylor,East Ryanborough,Nevada,mullenlindsey_0wmq8u@example.com
Marissa,Scott,Wongmouth,Nebraska,eric00_tptoci@example.com
Keith,Taylor,East Brandonfort,West Virginia,amberwilliams_qcs9g4@example.org
Stephanie,Moore,Andrewberg,Florida,jwalls_2kliyz@example.com
Teresa,Schultz,New Craigton,North Carolina,david90_hoimak@example.org
Kiara,Williams,North Brianfort,South Dakota,qrobinson_ag45ha@example.com
Jeffrey,White,Lake Danielchester,Maine,ctaylor_ao1cit@example.net
Daniel,Owen,Fernandeztown,New Mexico,qlopez_gzdnrl@example.net
Elizabeth,Harris,Taylormouth,Louisiana,hansonsherri_qvqgdp@example.com
Martha,Smith,North Cody,Missouri,catherine44_u3i5mf@example.net
James,Crawford,Oneillville,Hawaii,davidmarshall_zm1ehd@example.org
Jessica,Hale,North Roychester,Ohio,april09_jp1px8@example.org
Barbara,Perez,Allisonfurt,Vermont,carol18_jwlb4n@example.net
William,Green,Jamestown,Kansas,jmclaughlin_5rvfpa@example.net
Geoffrey,Mason,East Andrewbury,Maryland,hillmichael_r03v13@example.org
Micheal,Ferrell,New Connie,Colorado,madisongeorge_t4u5t2@example.org
Jody,Robinson,Sheilaside,Florida,brussell_ahwunj@example.com
Jacob,Keller,Mooretown,Illinois,oreid_w2a35i@example.net
Pamela,Brown,Oconnorville,New York,bkelly_mt8uuf@example.com
Erin,Peterson,West Pamela,Minnesota,dlopez_56j2r6@example.com
Heather,Reed,Veronicabury,Delaware,jeremiahbrown_8v9boo@example.com
Brian,Brown,Loribury,Rhode Island,molinaedward_d9b9ml@example.org
Diana,Curtis,Natalieland,Florida,nancyhill_rsehln@example.org
Lisa,Johnson,West Christopher,Georgia,blanchardmatthew_yvkq5o@example.org
Chase,Rodgers,Barnettstad,Florida,farrellchelsea_cljx2y@example.net
Theresa,Ellis,New Carlos,Oklahoma,hmcintyre_c9agzo@example.org
Jim,Sanchez,Josephmouth,Nevada,nealsara_16vwhy@example.com
Michelle,Davis,Carneybury,Wisconsin,ssolis_eu1z8x@example.net
Chase,Mata,New Melissastad,Massachusetts,vcross_z3q16g@example.net
Veronica,Morrison,Thompsonberg,Nevada,lopezjacob_ar9myv@example.com
Benjamin,Bradley,New Patricktown,Vermont,zfrederick_3afxv7@example.org
Bethany,Johnson,Andersonfurt,Florida,marthawilliams_nhlkeh@example.org
Fernando,Wang,Gabrielburgh,New Jersey,john40_snx5tu@example.com
Virginia,Parker,New Stanleymouth,Oklahoma,ehall_zb21vz@example.org
Ashley,Larsen,East Melvinborough,Virginia,teresapowell_7ku9k3@example.com
Tammy,Garner,Lake Paulachester,Washington,christophermooney_0rttoa@example.net
Jennifer,Watkins,South Kenneth,Florida,nicole76_j5aqpn@example.net
Kimberly,Braun,Michaelshire,Wyoming,johngreen_j4q1jj@example.com
Kimberly,Leblanc,Port Sarah,Alaska,longmark_8a77nd@example.net
Valerie,Perez,Amyville,Rhode Island,moonethan_tw5tl7@example.net
Phillip,Reed,Goodmanfort,Mississippi,odiaz_lto132@example.com
Robert,Wallace,East Abigailland,Colorado,moonlaura_baplnw@example.org
Ronald,Jackson,Johnberg,New Mexico,xallison_x4onhd@example.net
Mr.,Roger Hill,Douglasview,Indiana,ortizevan_jun13i@example.org
Gregory,George,North Laura,Oregon,matthewramirez_f741wf@example.net
Travis,Wheeler,Hilltown,Iowa,kendra45_y5lfr6@example.net
Amy,Bell,Bruceview,Utah,katrina72_tr5fhi@example.org
Charles,Ellis,South Brittanystad,New Jersey,uwillis_mdlbd5@example.org
Elizabeth,Moyer,Theresaland,Arizona,reginamiller_r7x680@example.com
Jessica,Holmes,South Cynthia,Alaska,milesabigail_cw79p5@example.org
James,Dawson,West Anna,Texas,dixondonna_zwrhd5@example.net
Terri,Oliver,Michaelmouth,Tennessee,ramirezmartin_1kwftk@example.org
Andrew,Lee,Coleton,Alaska,browncarly_jmon9z@example.com
Dana,Crawford,Maryfort,Washington,timothycopeland_adiv9a@example.net
Steven,Sanchez,Copelandtown,Illinois,harrisonmary_p9uwy6@example.com
Brandon,Boyd,South Sarah,Virginia,orrcaroline_tghxoc@example.org
Tonya,Mccoy,Davisport,Delaware,andersonchristopher_2glhah@example.net
Elizabeth,Arias,Julieside,Montana,tonya63_r5owa8@example.org
Brooke,Young,South Erica,Hawaii,catherinegalloway_igsunz@example.org
Kenneth,Kline,Welchland,Nevada,jonathansnyder_4c738r@example.org
Scott,Murray,West Maryfurt,Arkansas,donnaadams_cqrts3@example.net
Christian,Welch,Kaylachester,Michigan,josephrivas_pb6bpb@example.org
Leonard,Garcia,East Kenneth,Massachusetts,taylornicole_6pvowh@example.com
Eric,Flores,Lake Kayla,Connecticut,qwilliams_igqzva@example.com
Jose,Jones,Saraside,Colorado,spaul_2zzomu@example.com
Matthew,Wyatt,Rickyland,Rhode Island,shawn83_cty00u@example.net
Caleb,Cole,Ericaton,Arkansas,rsmith_7tnj90@example.net
Michael,Christian,Heatherville,New Jersey,parsonswillie_x9evtd@example.net
Whitney,Rice,North Amy,North Dakota,hesssara_kfiuk7@example.net
Alejandra,Day,Lake Laura,Missouri,janet67_srykie@example.com
Jessica,Smith,New Shanebury,Arizona,simonmargaret_oe2wp5@example.com
Timothy,Johnson,Masonborough,Oklahoma,justin40_tkm033@example.net
Nathaniel,Miranda,Dennischester,Maine,andrewibarra_qjpadi@example.com
Seth,Logan,Port Michelle,South Dakota,leonandrea_y5r3mp@example.org
Molly,Griffith,New Tanya,Virginia,williamstonya_dh7lx6@example.org
Terrence,Baker,Zacharyberg,Iowa,mariahmccullough_9qcpg7@example.org
Tiffany,Massey,Smithville,Florida,nhaynes_ru4x35@example.net
Bradley,Smith,South Richardhaven,Arizona,orrjames_7yjdwb@example.com
Jerry,Sullivan,North Sarahview,Idaho,rwatson_czytgm@example.org
Thomas,Miller,North Kellymouth,New Mexico,jerry65_v167xs@example.net
Melissa,Munoz,West Angelaborough,New Mexico,barnesallen_qh0tvi@example.net
Charles,Smith,Port Jacobfurt,Delaware,johnsondanielle_4s46sp@example.com
Douglas,Willis,North Loriport,Vermont,waltonbrenda_ejlwv3@example.org
Cynthia,Dodson,West Williammouth,Colorado,rebeccareyes_owbbxu@example.net
Robert,Davis,New Bettyport,Tennessee,danielszachary_swr6z4@example.com
Christian,Burke,Sarahhaven,California,amanda99_g3p4oa@example.com
Donald,Cannon,Nealton,Massachusetts,bhenderson_9mn2yj@example.com
Richard,Reed,West Mary,Florida,nsimmons_tkcsp8@example.org
Alison,Rowland,Port Amanda,North Dakota,monicalewis_27izio@example.org
Philip,Rios,Campbellborough,Maryland,brookerodriguez_9hihpn@example.org
Samuel,Kaiser,East Michelle,Nevada,vmiller_ltyhmm@example.org
Alexandria,Hall,Richardburgh,Kansas,gallagherdiane_0kv9o4@example.net
Julie,Baker,New Paul,Texas,sharon80_3xny4p@example.com
Jesse,Martin,Thomaschester,New Jersey,amanda37_pyyzwt@example.org
Victoria,Taylor,East Lorimouth,Indiana,villarrealashley_p2er1j@example.net
Mr.,Edward Kane,East Katherineburgh,Kentucky,clarkeric_m3uvfq@example.com
Cindy,Clark,New Melissa,Michigan,xcrawford_09wk5j@example.org
Christopher,Campbell,South Josephville,Tennessee,michellegonzalez_5d150j@example.org
Paul,Hernandez,New Timothystad,Nebraska,crodriguez_6kdlli@example.net
Janet,Morales,South Christopherland,West Virginia,gtaylor_rrcjel@example.com
Kelly,Barnes,Joshuachester,Texas,ojohnson_5fld9k@example.org
Mrs.,Paula Cervantes,Michaeltown,Iowa,patrick01_ijl43i@example.com
Donna,Martin,New Edward,Oklahoma,debbie11_26g1n1@example.net
Alan,Campbell,Victorside,Michigan,karenparks_aovary@example.net
Patricia,Stewart,Knoxtown,Massachusetts,qgrimes_6p82j0@example.net
Joshua,Villarreal,East Josephtown,New Hampshire,kimberly05_6umny0@example.com
James,Mathews,Ritaborough,Michigan,wadams_1j1oqg@example.org
Shaun,Hall,Port Elizabethhaven,Washington,jose61_lt60fp@example.net
Amanda,Nguyen,Johnbury,Rhode Island,bgomez_z9lp6l@example.com
Darryl,Harding,Anthonytown,New Jersey,villacarla_mwemr6@example.org
Cassidy,Stewart,Lake Mariah,Ohio,john70_gppozn@example.org
Thomas,Williams,Riveramouth,Wisconsin,scottguerrero_kz99rv@example.com
Carl,Long,Lake Catherinemouth,Colorado,perezjennifer_zimp8e@example.org
Christopher,Pace,Watkinsshire,Oregon,wsummers_ppzwys@example.com
Ashley,Brewer,Sheltonstad,Kansas,sarah92_5vla72@example.org
Jennifer,Moore,Evansborough,Connecticut,ewingwilliam_m3w56p@example.org
John,Maynard,Normanside,Rhode Island,edwardsalexander_g2zhen@example.com
Carla,Torres,Parkerview,Rhode Island,kimberly82_xpfffa@example.net
Shannon,Kaufman,Doughertyborough,Nebraska,xhunter_w4a76y@example.org
Joshua,Barnes,Rittermouth,Arizona,samuel29_07zprq@example.org
Joseph,Harris,Port Shannon,South Dakota,kristataylor_6kig22@example.org
Kimberly,Dalton,Port Danieltown,Minnesota,donnamccormick_ebvnc7@example.org
Joanna,Mercer,South Robert,Ohio,randybailey_ajk5qw@example.net
Mr.,Paul Wood,Davischester,Georgia,iprice_jefof4@example.org
Brian,Bradford,Laurietown,Arizona,andersonmichelle_u2j42r@example.com
Rachel,Glass,Austinstad,Alabama,chambersemma_a68x3y@example.net
Robert,Lee,South Amandaside,Virginia,gmedina_a1ka67@example.net
Megan,Marshall,Cristinafort,Arizona,loganricardo_jbequu@example.net
Samantha,Mcpherson,Michaelstad,North Dakota,meganbowers_3qj2qj@example.com
Carl,Shaw,Longberg,South Dakota,kelly66_75d85t@example.net
Andrew,Russell,Jamestown,Florida,steven83_kiadqn@example.com
Daniel,Davis,North Stacy,Kentucky,mejiamichael_9i36u0@example.net
Ray,Rivera,West Christineberg,North Carolina,jessica94_9l0skn@example.com
Adam,Carroll,Leburgh,Arkansas,qallen_evef5r@example.com
Michael,Parker,East Marthaberg,Maine,ryan50_yi37gj@example.net
Kathryn,Vaughn,Coleview,Kentucky,karen39_fxx920@example.net
Kathryn,Rhodes,South Davidchester,New York,tinaadams_41hhqy@example.net
Rhonda,Cummings,Stevenfurt,Illinois,zlewis_xjx152@example.org
Larry,Larsen,Calderonborough,Oklahoma,krystal75_xn3lho@example.net
Tammy,Murphy,Jonesmouth,Oregon,haneylynn_eirlb4@example.net
William,Montgomery,Mendozatown,Maryland,elizabethhansen_dx7hea@example.org
Crystal,Snow,North Jerrybury,Maine,wadejohn_mc1lqv@example.com
Donna,Stewart,South Charlene,Ohio,jensenlawrence_jki4bx@example.com
Jennifer,Bell,North Kimberlychester,Kentucky,carollyons_7stxwn@example.net
Brenda,Fitzgerald,Youngville,Kentucky,jessica36_b9lxle@example.net
Heidi,Wagner,Kathrynchester,South Carolina,alexis76_tpt1og@example.net
Brandy,Woods,Loriside,Iowa,matthew69_nb4l67@example.org
Thomas,Brooks,Josephmouth,Ohio,christian11_9qklma@example.com
Christopher,Meyer,Dianaton,South Dakota,catherinegarza_txlv2t@example.com
Charles,Owens,Tiffanychester,Kentucky,bartlettkayla_pgy2e4@example.net
John,Smith,Jonesville,Illinois,trevor90_spq585@example.com
Suzanne,Griffith,Jonathanside,Vermont,robertmcgee_l08u18@example.com
Joshua,Campbell,North Brittany,Louisiana,tfoster_zo1gtk@example.net
Megan,Cantrell,Joseshire,South Carolina,ygrant_5m38bv@example.org
David,Lin,Lake Donald,Vermont,victoria46_f6c2vk@example.net
Micheal,Golden,North Kennethchester,West Virginia,patricia56_8bcuem@example.com
Heather,Price,North Johnside,Pennsylvania,alopez_qfvhkj@example.org
Madison,Cunningham,Vanceland,Alabama,jerrymartinez_78z9xq@example.org
Thomas,Frank,South Mirandafurt,Texas,jonesheidi_g7q3s1@example.net
Peter,Duffy,Duanefort,Louisiana,paulalvarez_pxi5z3@example.com
John,Hayes,West Ashleyside,Arizona,osbornmitchell_n4m54l@example.net
Louis,Smith,Lake Edwardmouth,Wisconsin,brian07_lb5i43@example.net
Luis,Hill,Port Nancy,New Jersey,joshua94_sg6ih8@example.net
Brittney,Hawkins,East Heatherland,California,snydermichael_4azvoa@example.org
Melissa,Bryant,East Jasonmouth,Montana,jonesmelissa_92jure@example.net
Cynthia,Turner,Port Patrickchester,Hawaii,tunderwood_63cs55@example.com
Lisa,Roberts,West Jenniferstad,Virginia,sarahcrawford_xnzh37@example.com
Stephen,Mueller,Alexandershire,Hawaii,garciajames_2i4d0u@example.com
Charles,Lewis,East Kristi,Oklahoma,prattcrystal_vh7hx9@example.net
Stanley,Francis,North Michellestad,Texas,seancalhoun_rq9x10@example.net
Brian,Salazar,South Ryantown,South Carolina,reneesmith_smq8s6@example.com
Joseph,Walters,Wallerland,Colorado,julie63_yt0lyi@example.net
Luis,Thomas,West Kerry,Arkansas,nixonlisa_0zbt6b@example.net
Jonathan,Lee,North Edwardchester,New Jersey,mendezthomas_qwj7rg@example.com
Katherine,Warner,North Chadfort,Idaho,christopher75_i3z4fq@example.net
Nicole,Larsen,South Danielleland,New Jersey,tracy98_m5obaj@example.org
David,Reyes,West Laurenland,Hawaii,kyle49_fwqqu1@example.com
Danielle,Ramirez,Micheleview,Oklahoma,sevans_w46xb9@example.net
Joshua,Norton,Leemouth,Ohio,ericahickman_q1dbxf@example.net
James,Smith,West Lisamouth,Nebraska,watsonyesenia_lpfjv0@example.org
Michael,Chavez,West Kelly,New Hampshire,tammie27_o71anw@example.org
Jeanne,Murphy,East Gabriel,Maine,lawrence57_feyo82@example.net
Lori,Stevenson,Ewingport,Missouri,angela40_5wqmx3@example.net
Dr.,Christopher Nelson,Rebeccaton,Hawaii,dunncrystal_oy79k5@example.net
Kaitlin,Gibson,Stoneburgh,Missouri,yball_vi8181@example.com
Heather,Glover,Kevinchester,Utah,tiffanybright_xta8ib@example.net
Samantha,Riddle,Davidfort,Massachusetts,smassey_ovvz2i@example.org
Warren,Wilkerson,Lake James,Colorado,billy58_qnq9qd@example.net
Carrie,Hernandez,Marymouth,Idaho,vhorn_3lheps@example.com
Denise,Jackson,Lake Richardtown,Oregon,duncanjoseph_wh3xgl@example.com
Michael,Brown,South Melissaburgh,Massachusetts,juliefrazier_rxquqc@example.org
Kara,Thomas,East Heather,Iowa,rblackwell_v7e96a@example.net
Luis,Garza,North Julie,Iowa,kimberlywilliams_67gtr6@example.org
Michael,Skinner,Sherryland,Mississippi,wmann_2hch8u@example.com
Vanessa,Hardy,North Amanda,North Dakota,twatson_nle21v@example.net
Bryan,Davis,Lake Vanessaton,Utah,sheena11_l0r432@example.org
Diana,Hall,Fergusonfurt,Utah,rowecheryl_4xst9r@example.net
Alice,Carroll,Lake Devinside,Illinois,theresajennings_qne57i@example.net
Juan,Rodriguez,South Christianchester,Georgia,greed_1d2rsf@example.org
Angela,Johnson,Joshualand,West Virginia,meghan82_3ltbqh@example.org
Justin,Henry,North Alicemouth,Texas,parkerregina_h09sao@example.net
Mr.,John Gonzalez,West Jamie,Alaska,justinadams_zdkuae@example.net
Andrew,Ramirez,Bellberg,New York,benjamin54_zzvvfo@example.net
Matthew,Parker,South Mariotown,California,justin32_g2cg0z@example.com
William,Richards,Brownbury,Rhode Island,osmith_6siww9@example.com
Christopher,Cole,South Traceyland,Louisiana,steelerachael_238dfl@example.com
Nicholas,Goodwin,Port Randy,Mississippi,jefferyriley_rxenqz@example.net
Travis,Ochoa,Mcmillanberg,Indiana,mcconnellalex_xx6h3x@example.com
Danielle,Hernandez,Rodriguezshire,Delaware,jessica13_78a0bz@example.com
Angie,Woodward,Woodsborough,New Hampshire,jordan41_u11ypr@example.com
Joseph,Ward,North Nathanielhaven,Mississippi,kalexander_2ookyn@example.com
Lisa,Gamble,North Michael,Kentucky,dkerr_7e5p7q@example.com
Suzanne,Foster,Lake Andrew,Idaho,marcuspatterson_i5ko02@example.com
Charles,Williams,Ericastad,Connecticut,castillolaura_frj9gr@example.net
Jacob,Brewer,Sethport,California,amanda81_anfoqu@example.net
Brittany,Williams,New Codyshire,New Mexico,njackson_gljta8@example.org
Julie,Sharp,Tiffanybury,Minnesota,wheelerrobert_9h9sk3@example.org
Lindsey,Donovan,Smithside,New Mexico,hflores_zjonx7@example.com
Kara,Hamilton,South Matthew,Nebraska,lisanichols_vcxbvt@example.com
Michael,Greene,Lauraborough,Tennessee,ohenry_lfv39f@example.com
Dennis,King,Jacksonmouth,Alabama,gatesdana_ps17ym@example.org
Wendy,Phillips,South Danieltown,South Dakota,karenwhite_1vwwr0@example.com
Denise,Martinez,West Codyton,West Virginia,nelsonnatalie_qhm5ay@example.org
Timothy,Bonilla,Lake Kathleenburgh,Oregon,rrichards_mvrl4z@example.net
Corey,Combs,Port Emilybury,Tennessee,megan77_53wf3m@example.org
Adam,Mendoza,Samuelview,Arizona,zacharyvazquez_qcv1q0@example.com
Dawn,Le,Wrighthaven,Nebraska,gary57_zl6c1o@example.com
Michelle,Green,East Jamesville,Alabama,zdunn_wha2d7@example.net
Patricia,Smith,North Dale,Arizona,natkinson_zwvi9t@example.org
Jason,Blanchard,New Amber,Nevada,vasquezsteven_ew9wac@example.net
Bradley,Jones,Turnerfort,Texas,robertsjay_ux0pnh@example.net
Christopher,Johnson,Petersfurt,Massachusetts,blanchardshawn_bvgvia@example.com
Brenda,Watts,New Cynthiafort,Wyoming,baileyjames_pp1ksl@example.com
Vickie,Dunlap,New Robert,New Jersey,shannon13_13yr71@example.org
Andrea,Gardner,Wolfville,Kansas,bharris_7duvgq@example.com
Ashley,Rose,Williamsonfort,New Mexico,dillonsmith_pbvlqe@example.com
Carol,Villanueva,Garyview,Georgia,nealjames_468gme@example.com
Albert,Daniel,Floresmouth,New Hampshire,alexandriamcgee_rrmrdb@example.net
Ashley,Glenn,Margaretbury,Texas,smithjose_yfghzh@example.org
Sharon,Reyes,East Anthonyport,Kansas,scottfitzpatrick_lmrmm8@example.org
Deborah,Murphy,Garciaside,Arkansas,frosterin_wpdukw@example.net
Scott,Fuller,New Joshuaport,Washington,pattondaniel_f4dlyt@example.com
Dean,Miles,Lake Kennethshire,California,gbeasley_f5lofl@example.com
Michael,Davis,West Whitneyfurt,Nebraska,ashleyballard_v9vr6w@example.org
Mitchell,Lee,Tracyton,Maine,crystalmoore_z38zs8@example.com
Alan,Parker,Port Sergio,Washington,ronaldali_17o9vu@example.net
Kristen,Cobb,Wagnertown,Maine,lbrown_rmm1uh@example.net
Matthew,Robinson,North Vanessachester,Minnesota,ohammond_r2uqrt@example.org
Joshua,Mccarty,Port Caleb,Colorado,rhondamcdaniel_gvun6w@example.org
Daniel,Dodson,Port Chadhaven,New Jersey,james38_23b4ou@example.com
Mark,Adams,South Colleen,Missouri,icarrillo_y2cnhp@example.com
Jeremy,Conner,Port Nicholasfurt,South Dakota,graycharles_vsdzfe@example.org
Jamie,Soto,Ashleymouth,Connecticut,udiaz_lsqv42@example.org
Devin,Oconnell,Heidiside,New Hampshire,bestthomas_hneq57@example.org
Benjamin,Brown,Wilkinsonland,Kansas,todd99_9ocpf7@example.org
Gregory,Scott,South Bobbybury,New York,xshaw_a1uik3@example.org
Deborah,Mcfarland,West Juliaton,Michigan,lwashington_x07uf6@example.org
Edward,Thompson,Lopezstad,Ohio,katie11_j44zxw@example.net
Samantha,Pruitt,Adrianamouth,New York,alex21_951ln7@example.com
Scott,Lee,New Annemouth,West Virginia,jeffrey03_q9ujrd@example.com
Dana,Gordon,Port Danielburgh,Iowa,xpittman_lixgel@example.net
Sherry,Lloyd,New Michael,Massachusetts,rachelmack_fk1ft3@example.net
Carol,Le,North David,North Dakota,nancybrown_gbx8jd@example.org
Joshua,Morris,Davidfurt,Ohio,jamesdawson_9rd2zb@example.com
John,Ryan,Estesborough,Minnesota,nicolephillips_x31l0m@example.org
Megan,Nelson,Johnstad,Nebraska,wareanthony_sszoqe@example.net
Chloe,Roth,Lyonston,Virginia,ijacobs_cq7ywu@example.net
Michael,Grimes,West Christopherburgh,Florida,jason92_7t734e@example.net
Casey,Webb,Coreyton,Arkansas,brycereynolds_sfsyz2@example.org
Marc,Howell,Lindaton,Washington,trevordavis_4yphfz@example.org
Christopher,Pratt,Reedton,Nevada,gtaylor_zmk8yt@example.com
Charles,Sandoval,Grahamshire,Delaware,markshort_lnsuch@example.org
Stephanie,Young,South Darrell,Virginia,opruitt_rsfwev@example.net
Megan,Long,Port Rhondaborough,Wisconsin,ocruz_3teese@example.org
Joel,Evans,Gwendolynton,Kentucky,carrie21_rgeaa9@example.net
Brittany,Silva,Alvaradoport,New Jersey,vmaxwell_pbkeqt@example.com
Kimberly,Hill,Port Scottmouth,Indiana,larryreynolds_emlvis@example.com
Joe,Thornton,Snyderstad,Missouri,brandonadams_wwqs5h@example.net
Martin,Harris,Waltersmouth,Kentucky,barbara99_9zbsk6@example.net
Angie,Davidson,Martinezburgh,California,williamsbryan_d1myg5@example.net
Heather,Archer,South Jill,North Dakota,wrightchristopher_tjhyas@example.org
Elaine,Wright,East Sophiafort,New Mexico,karenlittle_fjv87f@example.org
Vincent,Scott,Loganland,South Dakota,wcaldwell_bu45qo@example.com
Daniel,Hill,New Alicia,West Virginia,deborahdavis_n71ace@example.com
Terri,Heath,Erikland,Colorado,gklein_14kqtw@example.com
Taylor,Jordan,Johnsonhaven,Georgia,lorimoore_rwi8be@example.org
Christine,Jackson,North Anthonymouth,Tennessee,coxhailey_e2aocw@example.net
Brandon,Allen,North Michaelmouth,Montana,nicoletorres_buw1bl@example.net
Melissa,Hart,West Jonathan,Massachusetts,anthonyfritz_rt67ht@example.com
Kirsten,Frank,East Josephton,Vermont,cindycook_x8a0se@example.org
Kristina,Contreras,Michaelland,Montana,williamsnicole_lmbkvb@example.org
Samantha,Harding,Hopkinsstad,New Hampshire,greenesheri_ec8b7t@example.org
Crystal,Washington,West Kelli,Mississippi,carriewhite_o8c65f@example.org
Darren,Walker,East Wendy,Florida,mitchell24_s8hxck@example.com
Oscar,Boyle,Laneburgh,Kansas,cmoreno_o1jq6u@example.net
Veronica,Lowe,Kevinfort,West Virginia,mbrown_sn8ngy@example.net
Rebecca,Thompson,West Stephanie,Virginia,matthew36_azckus@example.com
Terri,Osborn MD,Laurenmouth,West Virginia,rcruz_cn81gk@example.org
Michelle,Khan MD,South Anaview,Texas,lauragraves_va9f94@example.org
John,Calhoun,East Catherinehaven,Minnesota,imoore_u9vl63@example.org
Paul,Butler,Glennmouth,Hawaii,jessica37_6evhjt@example.org
Casey,Moore,Parkerport,Maryland,weekskimberly_ik702i@example.com
Kim,Shaw,Danielberg,Delaware,timothyrivera_z6gdml@example.org
Chris,Wilson,Scottfort,California,pattersonjulian_hargva@example.org
Joyce,Baker,New Jenniferbury,Tennessee,marvinhammond_07nc6x@example.net
Elizabeth,Bailey,Edwardsville,Delaware,wbell_6jscg7@example.net
Jeremy,Bradshaw,New Robert,Montana,joliver_ngr3hs@example.com
David,Carr,Mendezstad,Kentucky,albert15_udobc6@example.net
Cynthia,Gardner,New Rogerhaven,Delaware,kingtracy_3a5frh@example.com
Jamie,Randall,Christinebury,Vermont,williamsjasmine_kb1abm@example.net
Jonathan,Miller,Andradeberg,Delaware,nancyhall_zit3wk@example.com
Kyle,Peterson,South Mark,Maine,ystanley_334eei@example.net
Sean,Morales,Robertchester,Nevada,ocastro_2e3fa4@example.org
Sarah,Lucas,Lake Jessica,Oregon,austinsims_mbf8kw@example.org
Dennis,Morales,Mcdowellfort,Oregon,joshua66_wklbm7@example.com
Tiffany,Guzman,Pamelaport,New York,marquezjuan_shpp87@example.net
Joseph,Mueller,South Julietown,Virginia,jon33_0wq1z9@example.org
Javier,Hunt,Port Nicholasview,Washington,wperry_iyjy3l@example.net
Mary,Maxwell,Strongborough,Oklahoma,scottjohn_zbuqz3@example.com
Cynthia,Clark,Rosetown,Kansas,kristy01_27stfr@example.com
Peter,Trujillo,Waltersburgh,Nebraska,carlos67_03m3pe@example.com
John,Holt,Simpsonberg,New Jersey,khess_zkf7os@example.net
Robert,Williams,Wellsburgh,Florida,xward_uab89l@example.net
Robert,Perkins,Marquezshire,Arkansas,clayton38_drtv3b@example.com
Joseph,Lin,Youngburgh,Arizona,lpeters_67ltb3@example.net
James,Garcia,Port Jason,Connecticut,perkinssherry_zrn50e@example.net
Brandy,Douglas,Valerieborough,Delaware,jasonrangel_0c07bl@example.org
Rachael,Martin,Hollandland,Kentucky,jessebowman_jc5kj2@example.com
Keith,Hatfield,Greenhaven,Michigan,richard04_wgcrfp@example.com
Natasha,Smith,Brownfurt,Maine,geraldjohnson_qxomgt@example.com
Amy,Huang,East Gordon,South Carolina,bradyparsons_zeyl9o@example.com
Cindy,Matthews MD,Christinashire,Wisconsin,emilysmith_3kodsm@example.org
Michelle,Garza,South Taraberg,Minnesota,sheltonjulie_dkvp1a@example.com
Mario,Diaz,Nicholebury,Hawaii,dgordon_jmk5d8@example.org
Valerie,Mckenzie,Wandafort,Nebraska,virginiatucker_2r0fua@example.org
Robin,Smith,Johnsonfurt,California,renee87_49mg5m@example.com
Luis,Harris,Scottburgh,Arizona,browntara_js02uj@example.net
Steven,Baker,Port Mariaberg,Wisconsin,johnsonvincent_pd4n2o@example.net
John,Thomas,West Linda,Connecticut,michael51_o86rko@example.net
Karen,Williams,Lake Johnberg,Illinois,nelsonwendy_3run2h@example.com
Mrs.,Dana Fritz,Blackhaven,Missouri,christy25_lzhleo@example.net
Annette,Gray,Toddberg,Rhode Island,lwiley_l19o1j@example.net
Jennifer,Clark,Paulfort,Louisiana,jodiharris_u4phar@example.org
Michelle,Wiggins,Hartside,Arkansas,mark57_54rkv2@example.com
Charles,Jones,Millerbury,Montana,smithstephanie_18bpd8@example.net
William,Copeland,Martinfort,Montana,peter95_6cb63y@example.org
Dr.,Christopher Smith,New Stephanie,Delaware,rogersjustin_mx7s2y@example.net
Derek,Williams,North Laurenhaven,Mississippi,ojones_k7ial1@example.net
Stephanie,Orozco,Lake Michelle,Washington,qrice_o05are@example.org
Connie,Nelson,West Amandashire,Maine,jeffreyfrey_bniklw@example.com
Morgan,Moore DDS,East Karenview,Colorado,djohnson_v1iycx@example.com
William,Lang,West Grantview,Missouri,ylee_dd1e97@example.org
Meagan,Rivera,South Paulview,North Carolina,mgray_1ef54m@example.com
Ryan,Nichols,Michaelburgh,Massachusetts,archerangelica_qccqtn@example.org
Amanda,Hernandez,East Eric,Utah,robertodonnell_0yoko3@example.com
Timothy,Morales,South Joseborough,Wisconsin,jensenmarcus_lwvjl0@example.org
Heidi,Smith,Martinezchester,Georgia,sarahbishop_irw3bh@example.org
Kristina,Coleman,Lake Mariaburgh,Colorado,meagan74_f9r0bt@example.com
Krystal,Price,Pattersonmouth,South Dakota,castrorebekah_ajzlbr@example.org
Brooke,Schmidt,North Thomas,Washington,daniel30_zlrzrn@example.com
Mark,Rocha,Andreachester,Arkansas,qstevens_gbwyhm@example.org
Angela,Zavala,New Ryanburgh,Arizona,ilewis_21decm@example.net
Brittany,Clark,New Stacyview,Mississippi,edward83_y4rqt6@example.org
Donna,Conley,East Amanda,Delaware,michaelbutler_vi6wa4@example.org
Janice,Clark,Port Jamieborough,Colorado,tammyweber_2fglki@example.com
James,Powell,Francoton,Connecticut,qbaker_931p59@example.com
Walter,Smith,Williamsfort,Iowa,uwilliams_9bac2w@example.org
Gina,Hernandez,East Gregory,Vermont,hinesjerry_5u1ll8@example.org
Sabrina,James,Howebury,Louisiana,hobbsrebecca_bbkzzy@example.net
Alexander,Poole,West Kelly,New Mexico,osmith_gf5ass@example.com
Elizabeth,Kim,Brownborough,Maryland,welchjessica_dfhf2c@example.net
Thomas,Mcdaniel,Angelachester,North Carolina,nicoleroth_kk86tu@example.org
Michael,Taylor,Lake Vernon,Indiana,aguilarchristy_z9m6sy@example.net
Ronald,Johnson,Jamiehaven,New Jersey,jhancock_f7a1v7@example.org
Cassandra,Vaughan,North Matthew,Louisiana,robert87_o1h78y@example.com
Julie,Dean,Harringtonstad,Maine,ronniegomez_ncq77r@example.com
Tracy,Hall,Davidfort,Washington,ellenbass_ebpjks@example.org
George,Mitchell,Rebeccaview,Alaska,heather77_swch6x@example.org
Chelsea,Meyer,East Alexmouth,West Virginia,elizabethortega_ffoz1w@example.net
Katherine,Miller,Michaelport,Wyoming,wisetimothy_0ie4yz@example.com
Steven,Myers,Stricklandstad,Hawaii,meganmorales_n7bhrl@example.com
Ruth,Young,Walterville,South Dakota,jennifer40_zugqn2@example.net
John,Morris,West Patrickport,Delaware,medinamichael_f1bcns@example.net
Melinda,Jones,West Gregory,Oklahoma,marisa64_m9vlzt@example.org
Tyler,Mcdaniel,Lopezport,Montana,cassandra01_jhkl4p@example.net
Kelly,Williams,Brendaborough,Kansas,hhunt_wffgxv@example.net
Sean,Carr,Gibsonhaven,Alabama,yfreeman_4l6ivh@example.com
Stephanie,Dawson,Scottfort,Tennessee,ramirezjeremy_qowvk4@example.com
Frederick,Wilkins,Barrettberg,Nebraska,joshuarandolph_9r2ufn@example.com
Thomas,Mcdaniel,Ramoschester,Washington,marymartinez_1kc7mw@example.org
Yvonne,Lopez,Michaelfort,South Dakota,courtney25_62qqgr@example.net
Theresa,Davis,North Kristen,Mississippi,uwilson_jqyxms@example.org
Barbara,Mclean,West Duaneville,Arizona,qestrada_m2jil0@example.net
Charlene,Potts,North Andrew,Nebraska,emurphy_nedfk0@example.com
Donald,Garcia,Lake Curtis,Tennessee,mejiamary_qnl82u@example.org
Kyle,Middleton,Thompsonport,Oklahoma,martin48_7ezhyc@example.com
Erica,Green,West Brianna,Nebraska,carolynguzman_hha401@example.net
William,Hoover,West Jocelynhaven,Indiana,kreynolds_h9qp9h@example.org
Sarah,Morales,New Aaronland,Wisconsin,awaller_yzw8ea@example.com
Victor,Page,Jenniferstad,Arizona,fmurray_t654dg@example.org
Timothy,Perkins,East Mauricefurt,Washington,maryortega_dwadbm@example.net
Michael,Jimenez,Laurenchester,North Dakota,jamescooper_q3zd6x@example.org
Kimberly,Snyder,New Hectortown,Indiana,sarahlang_5o4b5y@example.com
Alexa,Johnson,West Ernestbury,Kentucky,kruegerfelicia_a162lt@example.org
Robert,Pineda DDS,Ariasberg,Wyoming,ccarroll_01pqsy@example.net
Michael,Snyder,Port Josephmouth,Kansas,jimmyhernandez_zumbuw@example.org
George,Leonard,South Samantha,Mississippi,alvarezsean_vickqf@example.com
Kathleen,Pope,Christopherborough,Illinois,anthonyherman_g7s5yq@example.net
Robert,Bailey,Ernestfurt,Minnesota,jeffreythompson_6yggxn@example.com
Steven,Mathews,East Kevin,Utah,thompsonkatherine_kzbzfh@example.org
Emily,Hart,Ericchester,Kentucky,bryan31_7tcy62@example.org
Christopher,Raymond,South Bethany,California,james89_8t0f22@example.org
