ProductName,ProductCategory,UnitPrice
Blouses I,Tops,67.61542209352535
Blouses W,Tops,55.294197448166365
Peplum C,Dresses,79.62981580085217
Jeans K,Bottoms,66.35843980594095
Casual Z,Shoes,35.97592263539984
Casual K,Shoes,67.22609562118033
Casual W,Shoes,81.74141410707122
Casual B,Shoes,93.62490124566756
Empire A,Dresses,79.6041877646647
Sneakers N,Shoes,20.099310806632097
Skirts N,Bottoms,33.252068351403096
Tunic Q,Dresses,77.41109199117729
Hats W,Accessories,45.862792211628346
Tunic W,Dresses,17.644555046459022
T-shirts Y,Tops,62.927107377924536
Skirts S,Bottoms,41.18107759082829
Scarves R,Accessories,56.42942488322786
Empire B,Dresses,53.91062017273161
Empire D,Dresses,31.02245726748904
Blouses K,Tops,40.100961906860505
Sneakers K,Shoes,53.38533669703756
Sneakers Y,Shoes,48.06760568644668
Bags C,Accessories,20.191872738546788
Skirts G,Bottoms,73.67966429805753
Sneakers C,Shoes,69.21219718019464
Skirts L,Bottoms,31.53575139401629
Scarves G,Accessories,72.98811661878806
Sneakers R,Shoes,89.75001786533305
Bags C,Accessories,60.87942002028254
Casual A,Shoes,96.51733591988749
Casual V,Shoes,32.06544924764551
Casual Z,Shoes,59.418460769383174
Peplum W,Dresses,84.80752212558076
Tunic R,Dresses,51.364744958639015
Skirts E,Bottoms,65.52345493845448
Hats G,Accessories,42.85826905515263
Hats S,Accessories,90.90686636490543
Tunic Z,Dresses,30.330504011794602
Tunic Q,Dresses,74.10902751202245
Sweaters A,Tops,37.13253289171059
Jeans X,Bottoms,98.02722687843715
Hats J,Accessories,15.083238114673314
Scarves C,Accessories,44.03564726639236
Casual S,Shoes,77.23944320993678
Formal F,Shoes,93.20545193277836
Peplum T,Dresses,36.53615180288873
T-shirts Z,Tops,86.77682421375751
Peplum J,Dresses,35.42689360585268
Sweaters W,Tops,44.1491500979321
Empire H,Dresses,18.032612308651533
Tunic V,Dresses,10.3252312589646
Pants Z,Bottoms,49.188952555312504
Tunic I,Dresses,65.23860498714241
Sweaters Y,Tops,86.36098323342894
Peplum Q,Dresses,99.0033540667032
Hats H,Accessories,34.27202602951006
Formal F,Shoes,54.375394289085314
Empire R,Dresses,40.88074172040689
Blouses P,Tops,54.03326194270227
Hats A,Accessories,24.341142544161393
Empire B,Dresses,88.87475447508024
Skirts J,Bottoms,75.40429960867122
Bags V,Accessories,30.69450925983417
Blouses L,Tops,14.261051497485262
Empire B,Dresses,30.267628927516256
Tunic R,Dresses,55.598301700058016
Peplum X,Dresses,51.64860397904148
Sneakers H,Shoes,47.093689192449276
Pants D,Bottoms,91.13672851848771
Scarves F,Accessories,26.26635000151171
Bags U,Accessories,70.2455828015035
Bags N,Accessories,34.46688048215424
Hats C,Accessories,58.78034376183318
T-shirts G,Tops,75.77573387255784
Skirts K,Bottoms,20.903268161729358
Blouses V,Tops,11.185137641992533
Sweaters H,Tops,53.745628834082815
Pants N,Bottoms,29.461597273656498
Pants U,Bottoms,31.562993551520396
Peplum P,Dresses,67.29846002080669
Scarves I,Accessories,38.75159891423314
Sweaters A,Tops,49.77395085519956
Sweaters S,Tops,52.81267188487058
Bags D,Accessories,86.38773462294785
Tunic V,Dresses,47.105926891196326
T-shirts N,Tops,28.607987552430846
Skirts R,Bottoms,90.48887600705716
Empire J,Dresses,58.56109425545306
Scarves P,Accessories,35.13409946568298
Skirts V,Bottoms,74.67967060542826
Scarves M,Accessories,11.327222749588294
Skirts L,Bottoms,78.17609055284976
Casual C,Shoes,90.92873577088908
Sweaters S,Tops,93.25526069170121
Jeans O,Bottoms,80.26079404669345
Scarves X,Accessories,63.95193505822687
Sweaters D,Tops,15.570585577027407
T-shirts Q,Tops,69.4776484288827
Hats U,Accessories,10.173284331689187
Blouses P,Tops,65.1490879301659
Tunic E,Dresses,39.19839023892239
Tunic T,Dresses,94.3479004325975
Tunic E,Dresses,94.23151266645162
Bags V,Accessories,45.41100254380744
Hats H,Accessories,86.2262466867697
Sneakers T,Shoes,59.16142120285888
Hats B,Accessories,71.16034153082765
Empire S,Dresses,50.019895430114445
Sweaters P,Tops,28.2695365800637
Scarves M,Accessories,46.01323052593761
Pants O,Bottoms,21.48860512625047
T-shirts D,Tops,47.28529930468016
Blouses N,Tops,23.043449968916292
Jeans A,Bottoms,56.25404478181731
T-shirts G,Tops,18.007620107662905
Sweaters Z,Tops,48.31573234975816
Formal J,Shoes,25.04725120627036
Casual D,Shoes,97.62601332367723
Casual H,Shoes,75.96925264040657
Scarves F,Accessories,57.971531693052796
T-shirts G,Tops,93.78905881590487
Sweaters N,Tops,57.84411465720399
Tunic U,Dresses,30.51901222724231
Blouses W,Tops,34.461823060558714
Casual X,Shoes,96.61903263494831
Peplum I,Dresses,97.05652331556624
Jeans F,Bottoms,53.70709895259576
Sweaters X,Tops,69.0407406838036
Sweaters W,Tops,63.64191214498214
Formal B,Shoes,11.657305873867138
Casual P,Shoes,87.92542292888598
Casual P,Shoes,89.122875683574
Jeans G,Bottoms,25.140846557924846
Bags K,Accessories,79.3849558955578
Scarves B,Accessories,93.67232601867254
Jeans A,Bottoms,37.977765861963334
Tunic I,Dresses,42.339149451443866
Tunic N,Dresses,35.00825422026576
Formal B,Shoes,98.52441312252324
Empire B,Dresses,62.24056563833121
Jeans T,Bottoms,32.87593700001033
Sneakers V,Shoes,42.08393051734657
Bags T,Accessories,65.37263520651683
Sweaters U,Tops,71.50999143694406
T-shirts Y,Tops,19.094294549149126
Casual F,Shoes,66.66461813323555
Tunic K,Dresses,74.15919841319578
Blouses A,Tops,72.25072567911226
Scarves S,Accessories,12.227993207109318
Skirts X,Bottoms,54.64834601801975
Bags F,Accessories,63.83289026655891
Tunic G,Dresses,73.47341139549599
Empire O,Dresses,99.6404377848955
Skirts X,Bottoms,41.65000756462164
Sweaters P,Tops,52.60786183559837
T-shirts Y,Tops,73.9777064786602
Empire Z,Dresses,85.5612138608833
Sneakers B,Shoes,34.050035075039276
Hats I,Accessories,44.035947981838056
T-shirts L,Tops,77.50824616416557
Sneakers T,Shoes,19.490875448636285
Casual U,Shoes,57.14635325785997
T-shirts B,Tops,34.488422623641746
T-shirts N,Tops,50.61499231853315
Empire E,Dresses,21.05136462189948
Peplum X,Dresses,21.356358832079643
Scarves M,Accessories,52.39981086118008
Formal Q,Shoes,55.005472030126256
Sneakers Z,Shoes,50.95933353061405
Sneakers X,Shoes,27.227666496538358
Skirts N,Bottoms,95.6355682489751
T-shirts R,Tops,28.755644594922856
Blouses O,Tops,78.72114048352056
Empire D,Dresses,91.6450296479764
Blouses G,Tops,66.87402643469417
Bags F,Accessories,50.47644087878498
Empire Z,Dresses,35.2710777886112
Empire I,Dresses,67.0914789647071
Blouses V,Tops,35.24228775098178
Casual C,Shoes,28.662501842967806
Jeans G,Bottoms,59.18610472321623
Skirts H,Bottoms,97.11931385397256
Casual Y,Shoes,37.41004381904072
Scarves E,Accessories,14.838583259989317
Jeans P,Bottoms,84.60747235998602
Hats R,Accessories,18.35733080848898
Sneakers S,Shoes,35.45155603840736
Formal L,Shoes,29.504802404858214
Skirts Q,Bottoms,73.53613045701522
Sneakers E,Shoes,86.5857666317884
Tunic C,Dresses,40.75067476846553
Formal T,Shoes,19.145918650204337
Formal V,Shoes,28.83518814162591
Sneakers S,Shoes,64.76549930235075
Bags M,Accessories,48.33663996954998
Jeans I,Bottoms,42.787530233474506
Scarves L,Accessories,69.52755121164824
Pants G,Bottoms,58.7723145320852
Tunic S,Dresses,23.561437773031667
Casual M,Shoes,66.09221026686347
Hats E,Accessories,99.01093816049385
Casual I,Shoes,27.263952116983837
Jeans X,Bottoms,10.205910952726805
Blouses A,Tops,96.97088304172588
Jeans A,Bottoms,60.36105502700915
Formal Q,Shoes,78.2574132196215
Sweaters S,Tops,76.28069374787566
Pants L,Bottoms,91.48907508707694
Formal K,Shoes,27.876037076708077
Jeans J,Bottoms,91.59207958619263
Skirts D,Bottoms,29.291904233677815
Empire V,Dresses,97.3780414432226
T-shirts D,Tops,16.25945622921865
Peplum V,Dresses,82.13189508183522
Sweaters W,Tops,50.34978968732184
Formal K,Shoes,74.65963314705323
Bags G,Accessories,96.79953054346511
Peplum I,Dresses,15.824958576266408
Skirts Y,Bottoms,20.097783326638613
Formal N,Shoes,63.17410881416896
Pants X,Bottoms,51.718506808114945
Casual S,Shoes,10.330202658610027
Peplum N,Dresses,92.218951873174
Hats R,Accessories,12.92330990569586
Skirts C,Bottoms,78.9072749302715
Bags A,Accessories,23.649127421928398
Hats C,Accessories,74.8088593503259
Casual Z,Shoes,57.68668121774844
Pants M,Bottoms,24.969127676261976
Blouses B,Tops,33.03793884610772
Scarves B,Accessories,15.9969641650015
Peplum S,Dresses,34.64973703051426
Casual J,Shoes,73.459570334987
Formal Z,Shoes,60.35863789779061
Pants R,Bottoms,92.15602226368874
Bags F,Accessories,25.836112786389126
Sneakers G,Shoes,65.55301880128576
Casual C,Shoes,21.172617438401925
Formal C,Shoes,63.82866133742358
Blouses A,Tops,26.007881958218306
Empire X,Dresses,39.600643408485226
Pants Q,Bottoms,83.63124108252285
Tunic R,Dresses,43.620303404830764
Formal O,Shoes,74.63432998804683
Scarves B,Accessories,94.28577225036264
Blouses A,Tops,96.87173308549711
Skirts F,Bottoms,91.12053576145595
Tunic U,Dresses,49.740302241758975
Tunic K,Dresses,47.706552136101024
Casual X,Shoes,99.10461712719744
Bags S,Accessories,30.26027387513902
Formal K,Shoes,46.8780654354586
Sweaters V,Tops,59.740423047614996
Bags P,Accessories,53.030836864017175
T-shirts Q,Tops,80.19545411178363
Blouses B,Tops,21.936862442662154
Formal O,Shoes,53.48373380910872
Peplum D,Dresses,88.60919461143439
Hats Y,Accessories,42.86102670343987
Tunic W,Dresses,48.24938303423162
Jeans C,Bottoms,12.951751624838707
Peplum A,Dresses,29.666580138644722
Casual D,Shoes,62.76150700357618
Skirts J,Bottoms,83.08862712081446
Tunic F,Dresses,98.52499921741676
Tunic U,Dresses,21.929442437604305
Formal U,Shoes,66.85298378851178
Hats B,Accessories,74.37905978462248
Peplum H,Dresses,31.235013357945807
Formal D,Shoes,80.28138468338555
Tunic C,Dresses,62.950359605020715
Casual L,Shoes,62.19582383079437
Scarves Z,Accessories,56.84445690321875
Formal I,Shoes,31.334322405210045
Empire R,Dresses,83.58549865400512
Empire L,Dresses,49.015037026221435
Bags M,Accessories,11.486214826611043
Jeans G,Bottoms,37.012010643016765
Empire S,Dresses,64.48752983953919
Casual I,Shoes,21.77413360714722
Jeans R,Bottoms,98.72297892636578
Bags O,Accessories,63.255768327815574
Pants H,Bottoms,88.91893548117203
Scarves O,Accessories,27.424102710932928
Empire B,Dresses,61.83471335443202
Sweaters L,Tops,94.67363660140494
Hats Y,Accessories,68.45091434851042
Skirts K,Bottoms,47.10128219149539
Formal F,Shoes,45.0395777003594
T-shirts U,Tops,26.901538911774665
Jeans F,Bottoms,49.0631988727259
T-shirts Q,Tops,81.98132920595
Bags Z,Accessories,28.352749130919232
Skirts W,Bottoms,34.29214741150538
Blouses C,Tops,52.15622729962068
Scarves Y,Accessories,67.88195517455534
Jeans H,Bottoms,99.73335860271774
Sweaters T,Tops,33.91808212616682
Skirts R,Bottoms,74.38767323109487
Scarves V,Accessories,90.2263404707991
Scarves M,Accessories,30.193868853483103
Empire U,Dresses,89.13029968036874
Casual O,Shoes,63.18633645663378
Hats F,Accessories,78.04398639817178
Empire B,Dresses,54.762624182818904
Sneakers X,Shoes,15.800517377164887
Bags W,Accessories,96.9852124454341
Sweaters H,Tops,67.71953346712641
Sneakers P,Shoes,83.5608136624907
Peplum J,Dresses,89.53125305010627
Tunic O,Dresses,13.792643008323058
T-shirts W,Tops,22.33947086813704
Skirts X,Bottoms,60.21286375196983
T-shirts L,Tops,64.05694837140847
Empire N,Dresses,85.97115363440457
Casual W,Shoes,48.903453693589775
Pants M,Bottoms,55.816734920348495
Skirts Q,Bottoms,28.741548603113262
T-shirts J,Tops,95.90697991073158
Blouses D,Tops,12.117376031804104
Sneakers Y,Shoes,42.60955045807364
Pants X,Bottoms,74.18629165996765
Hats V,Accessories,36.117544575716664
Bags K,Accessories,45.005839333146085
Empire N,Dresses,81.57453379203344
Formal F,Shoes,35.62493819573575
Bags A,Accessories,29.728087877099174
Formal D,Shoes,41.10638006210223
Casual B,Shoes,70.2879152348543
Hats G,Accessories,81.24825936514779
Skirts M,Bottoms,73.12952751681601
Tunic W,Dresses,45.89458576513008
Casual X,Shoes,72.82695335491945
Empire K,Dresses,52.241168530936335
Hats Z,Accessories,34.960822111907845
Empire P,Dresses,12.652876099036545
Peplum B,Dresses,33.177053769400814
Pants A,Bottoms,23.860782433138823
Skirts X,Bottoms,46.63354643987577
Formal T,Shoes,10.819295844304275
Peplum V,Dresses,45.04549978673566
Sweaters I,Tops,75.22437684754705
Hats I,Accessories,25.71082536218207
Pants P,Bottoms,26.002188417364557
Empire L,Dresses,52.812514473861654
Empire Z,Dresses,26.630795747652144
Scarves S,Accessories,22.48246080890792
T-shirts F,Tops,19.079635823587218
Pants N,Bottoms,33.493321071060095
Scarves E,Accessories,88.65109054679394
Sweaters E,Tops,73.98412275987198
Casual P,Shoes,46.97698426994454
Hats B,Accessories,61.83101237604307
Scarves V,Accessories,97.90101790150251
Tunic T,Dresses,66.66430154812815
Scarves Z,Accessories,73.72392214624358
Tunic W,Dresses,56.44313351697629
Sneakers O,Shoes,39.665015463906045
Empire K,Dresses,11.68292986313283
Casual Y,Shoes,58.36593421763553
Bags X,Accessories,72.92654655624341
Tunic N,Dresses,12.804884302616907
Peplum V,Dresses,80.05406607735294
Pants Y,Bottoms,96.47269531713745
Skirts E,Bottoms,64.32395862763357
Empire S,Dresses,49.52369391785795
Formal J,Shoes,23.307837412189848
Casual I,Shoes,68.83528508709055
Sweaters F,Tops,10.857298358339463
Sweaters E,Tops,80.47410270201713
Casual I,Shoes,28.298353110590966
Peplum N,Dresses,16.108271615165815
Hats N,Accessories,49.33750576189519
Bags Z,Accessories,43.71011073148115
Sneakers L,Shoes,93.3302883836798
Peplum C,Dresses,65.06568215621063
Blouses N,Tops,92.71586418847089
Peplum V,Dresses,72.79482573913437
Sweaters F,Tops,51.548539646876314
Pants S,Bottoms,56.79443448303347
Casual C,Shoes,78.88946960244365
Peplum C,Dresses,72.47860024783513
Casual K,Shoes,38.8836117243314
Skirts H,Bottoms,46.86921475611259
T-shirts N,Tops,11.33756735403322
Casual U,Shoes,47.91504586542484
Hats E,Accessories,72.4449180487741
Sneakers N,Shoes,50.06978333005868
Pants D,Bottoms,37.891219390633026
Casual Z,Shoes,92.5411461043712
Tunic P,Dresses,88.1825814590324
Scarves C,Accessories,20.93600153213201
Sweaters I,Tops,52.96434298779629
Jeans N,Bottoms,68.51958938287001
Empire Z,Dresses,10.572237774063199
Empire S,Dresses,61.40401842951865
Bags U,Accessories,16.573606390381094
Skirts C,Bottoms,78.19690322657178
Formal Z,Shoes,15.342357047296323
Jeans W,Bottoms,39.73848944368911
T-shirts X,Tops,79.40257436787225
Hats W,Accessories,71.76218499542088
Skirts P,Bottoms,53.143864966793366
Bags O,Accessories,64.26780480286683
Formal D,Shoes,75.23803836864222
Blouses E,Tops,36.8042415847546
Scarves G,Accessories,22.893207124373276
Bags J,Accessories,91.15808112404974
Bags H,Accessories,67.40181575867723
Sneakers F,Shoes,31.36747629672546
Skirts N,Bottoms,46.21145167662104
Jeans R,Bottoms,87.17159320089472
Scarves L,Accessories,42.55374451517926
Bags Q,Accessories,44.25332892372359
Pants Q,Bottoms,28.74063910982402
Skirts M,Bottoms,67.14631300188067
Formal X,Shoes,75.42779332600439
Formal G,Shoes,18.085130107910885
Skirts J,Bottoms,37.37438843940289
Sweaters S,Tops,49.067469958448
Hats M,Accessories,67.18649926860598
Bags N,Accessories,44.4183408323629
Tunic G,Dresses,23.691812785581764
Scarves X,Accessories,45.44585859010958
Sweaters U,Tops,36.9626541780418
Casual Q,Shoes,39.083347347928765
Scarves J,Accessories,63.28855077150285
Formal F,Shoes,89.83400461215238
Pants I,Bottoms,50.71632297139661
Pants O,Bottoms,50.50977609209854
Formal F,Shoes,54.14807370918653
Sweaters Z,Tops,66.52058100281829
Blouses N,Tops,95.84749543434157
Empire U,Dresses,14.58095787203337
Casual E,Shoes,28.17310406779938
T-shirts A,Tops,57.370908171342435
Casual N,Shoes,46.04649039478319
Bags D,Accessories,84.87208381785537
Skirts N,Bottoms,64.06654443209442
Bags P,Accessories,78.25242708618501
T-shirts W,Tops,77.32923718400346
Sweaters G,Tops,39.889062845467954
Jeans N,Bottoms,63.00620437483203
Formal Z,Shoes,53.20848811207522
Sneakers F,Shoes,56.280976738717605
Sneakers R,Shoes,21.159409951582344
Skirts Y,Bottoms,15.794430717227272
Casual Z,Shoes,18.692780989476578
Bags R,Accessories,52.53225567849345
T-shirts U,Tops,24.32234879888403
Peplum N,Dresses,76.02705480175241
Casual F,Shoes,28.27016701323398
Pants X,Bottoms,61.28672681299265
Empire T,Dresses,10.68708260179202
T-shirts B,Tops,44.83060375635972
Empire J,Dresses,57.95966524526331
Skirts C,Bottoms,87.64752639910745
Peplum C,Dresses,70.83135362174679
Casual C,Shoes,87.94685823264237
Tunic L,Dresses,40.43846581300232
Bags X,Accessories,58.75029678155187
T-shirts S,Tops,13.428341443764278
Blouses U,Tops,79.41881145246963
Jeans Y,Bottoms,78.44961966934717
Sweaters V,Tops,58.17078578167868
T-shirts B,Tops,95.81999489880674
T-shirts B,Tops,89.32541581064326
Sneakers N,Shoes,46.28083360860684
Formal J,Shoes,33.42480192890032
Hats T,Accessories,83.96093891611085
Peplum Z,Dresses,93.93999559231983
Blouses R,Tops,78.63286331110734
Formal S,Shoes,97.29174242279136
Blouses Z,Tops,18.635703980889637
Casual B,Shoes,16.640765625615153
Casual H,Shoes,66.94842964486426
Blouses P,Tops,51.72363956689289
Casual G,Shoes,12.24037654845727
Sneakers Q,Shoes,67.42327083787256
Formal F,Shoes,94.28375243725463
Formal T,Shoes,56.83491552032419
Formal M,Shoes,63.12191472994284
Bags P,Accessories,15.606879118325043
Blouses D,Tops,72.39197891016344
Scarves V,Accessories,26.39872054024732
Hats T,Accessories,19.058242425004337
Pants N,Bottoms,26.169004193537518
Formal C,Shoes,97.17584295938958
Casual D,Shoes,43.74315973440121
Formal W,Shoes,98.09455715738711
Formal Y,Shoes,34.395943587891686
Peplum P,Dresses,14.718394453574048
T-shirts K,Tops,62.97375220729979
Scarves P,Accessories,64.69513474957986
Sneakers K,Shoes,95.52231407901566
Sweaters L,Tops,71.36612048250026
Blouses Q,Tops,96.88423289169981
Scarves N,Accessories,16.35685406799179
Empire E,Dresses,52.41616247470226
Empire B,Dresses,57.65666460038317
T-shirts X,Tops,44.105908457543435
Peplum N,Dresses,72.59579536690887
Sweaters C,Tops,58.9780071448056
Casual U,Shoes,56.61383821631008
Sneakers G,Shoes,55.11210951521552
Empire F,Dresses,80.06217836700475
Formal A,Shoes,78.66895870366282
Sneakers W,Shoes,39.68363049136137
Formal L,Shoes,39.45749669165742
Scarves S,Accessories,39.85736796184507
Scarves Q,Accessories,79.0687877042968
Sweaters M,Tops,40.72026336417747
Skirts R,Bottoms,54.114081570675374
Empire C,Dresses,29.617980568902944
Jeans K,Bottoms,58.25166072853963
Bags Q,Accessories,53.33199707439099
Hats V,Accessories,32.8734143029282
Hats W,Accessories,29.631126689164738
Skirts P,Bottoms,75.53885184148044
Peplum E,Dresses,78.37017927108433
Casual T,Shoes,52.72980552005098
T-shirts E,Tops,29.181477631382375
T-shirts Q,Tops,10.914804012815358
Tunic B,Dresses,33.75741962641062
T-shirts V,Tops,16.662777914239943
Blouses D,Tops,23.732806008464273
Formal D,Shoes,21.520227178409055
Scarves B,Accessories,91.10948770834395
Empire J,Dresses,36.75721783383834
Casual D,Shoes,61.394745932452345
Empire Q,Dresses,42.752027010405826
Jeans R,Bottoms,76.35489605495188
Peplum A,Dresses,55.90083913574033
T-shirts T,Tops,40.18803066424144
Formal S,Shoes,32.58031074661149
Formal E,Shoes,34.28107485390849
Empire G,Dresses,74.28398079061199
Skirts X,Bottoms,73.10201696532721
Formal B,Shoes,45.994466767219905
Sneakers S,Shoes,51.961799938951444
Pants I,Bottoms,32.67033094194076
Sneakers P,Shoes,21.248619284212047
Sneakers P,Shoes,68.8818005905188
Pants B,Bottoms,19.118036688768125
Blouses H,Tops,21.454545609505274
Scarves Q,Accessories,12.531069357356643
Tunic V,Dresses,34.43453922537962
Scarves M,Accessories,23.873402363515396
Sweaters N,Tops,79.68198469305732
T-shirts Q,Tops,34.21108916741292
Casual K,Shoes,18.30146512547853
T-shirts G,Tops,15.113956978702525
Sneakers J,Shoes,50.196593386643734
Tunic Z,Dresses,23.249198687894683
Blouses R,Tops,67.84566818418573
Jeans Y,Bottoms,13.165877643463805
Sneakers J,Shoes,17.1361026510183
Peplum R,Dresses,40.35523735339556
Formal Q,Shoes,89.5266654837905
Blouses D,Tops,92.73968794635016
Tunic A,Dresses,50.53625748976834
Formal X,Shoes,51.96028372912565
Formal V,Shoes,51.64241671057535
Pants A,Bottoms,72.09177164032519
Peplum Q,Dresses,85.61133973467415
Formal A,Shoes,99.41633048606997
Pants C,Bottoms,42.28990292865677
Bags N,Accessories,58.59056397086003
Peplum I,Dresses,11.307637303204649
Skirts P,Bottoms,25.685549334605433
Jeans I,Bottoms,38.287169863938175
Casual S,Shoes,53.46793413969936
Jeans F,Bottoms,29.39787615187417
Pants V,Bottoms,66.52370069292377
Sweaters P,Tops,74.23453533871668
Skirts S,Bottoms,63.81128642648581
Scarves I,Accessories,15.036963111795064
Scarves R,Accessories,63.46007157551869
Hats N,Accessories,64.74850442129092
Sneakers D,Shoes,73.6499291645216
Casual V,Shoes,27.757056951252515
Sweaters G,Tops,36.997552870913985
Hats N,Accessories,94.33259751210507
T-shirts G,Tops,10.816891817308802
Casual V,Shoes,65.81953046586663
Sweaters L,Tops,96.11259056366482
Jeans Z,Bottoms,60.69205276061813
Bags N,Accessories,39.29393162869562
Tunic A,Dresses,61.8137665360272
Peplum W,Dresses,71.32877887917948
Scarves O,Accessories,84.45643531181067
Peplum J,Dresses,85.26053296959645
Sweaters X,Tops,80.62819865588452
Blouses M,Tops,83.44649740401437
Tunic N,Dresses,85.47517798431133
Scarves B,Accessories,72.43630737615857
Bags I,Accessories,94.95947510609295
Hats E,Accessories,26.785119194647802
T-shirts G,Tops,38.81637006071082
Pants L,Bottoms,42.39541948245175
Skirts B,Bottoms,47.34206829234351
Pants V,Bottoms,74.7597082685566
Hats B,Accessories,45.07546843908166
Tunic L,Dresses,72.72981758454858
Sweaters N,Tops,58.45851592068143
Jeans R,Bottoms,15.959896864934299
Casual X,Shoes,80.8809635834142
Scarves O,Accessories,92.74679741118864
Scarves W,Accessories,30.78152235670397
Sweaters B,Tops,37.62453292022309
T-shirts G,Tops,77.30251072699262
Formal O,Shoes,88.89645936502924
Formal F,Shoes,69.46683851603262
Jeans S,Bottoms,35.278906462713934
Jeans S,Bottoms,60.17352879466127
Blouses W,Tops,63.51422080851703
T-shirts U,Tops,27.079699846254375
Peplum S,Dresses,68.00394332110409
Bags Q,Accessories,59.28688539618085
Peplum R,Dresses,83.23714147523867
Sweaters L,Tops,50.55553240736758
Bags Q,Accessories,70.46458027683481
T-shirts I,Tops,88.38039453275393
Formal V,Shoes,37.1453214284382
Sweaters M,Tops,32.35083189250845
T-shirts Z,Tops,25.247144190560288
Hats E,Accessories,16.270407571908002
Sweaters A,Tops,26.13360346435653
Peplum C,Dresses,16.939995265284594
Formal A,Shoes,20.995481470042602
Pants Z,Bottoms,52.179737447053256
Sneakers P,Shoes,91.32703272459344
Jeans U,Bottoms,98.69839768748639
Blouses F,Tops,73.1256949911125
T-shirts D,Tops,47.67400608209028
Empire L,Dresses,63.56412931442526
Casual C,Shoes,47.634408231928816
Blouses H,Tops,65.51123720384973
Bags N,Accessories,50.775785976435365
T-shirts U,Tops,17.60565585719793
T-shirts P,Tops,62.59587581138718
Casual V,Shoes,74.392294154857
Hats N,Accessories,70.24209155602529
Blouses X,Tops,97.98685662103537
Skirts B,Bottoms,88.31105566571127
Sneakers C,Shoes,33.34657871120547
Jeans X,Bottoms,17.202728705668484
Formal I,Shoes,48.25370777603438
Sneakers G,Shoes,86.64821894294164
Pants U,Bottoms,99.38075741316582
Casual J,Shoes,10.935078557184218
Pants L,Bottoms,12.56748955882587
Hats Z,Accessories,26.336689860080227
Sweaters W,Tops,91.4058277755151
Formal D,Shoes,75.75061249379253
Pants Z,Bottoms,78.96050693384912
Peplum F,Dresses,53.97643144682731
Tunic A,Dresses,46.4649407746022
Bags F,Accessories,16.399813468212876
Formal Y,Shoes,11.72089556752059
Scarves C,Accessories,34.77658670351879
Peplum M,Dresses,12.265817783421841
Casual E,Shoes,64.41407297210807
Jeans P,Bottoms,47.59042025287735
Casual B,Shoes,86.28121804894612
Blouses I,Tops,58.13570650831268
Tunic R,Dresses,61.94785730203814
Pants Y,Bottoms,54.62804523204796
Skirts T,Bottoms,61.85634383777406
Sneakers A,Shoes,29.518226887231762
Pants B,Bottoms,61.57412188669653
Skirts C,Bottoms,75.15779727454263
Sneakers U,Shoes,61.74766152701199
Scarves Q,Accessories,99.6848425975339
Hats Y,Accessories,28.784323400888287
Bags C,Accessories,29.689664096521344
Formal V,Shoes,81.00338877550828
T-shirts Q,Tops,96.92235261025964
Jeans X,Bottoms,90.94013709412242
Empire Q,Dresses,40.72667180276973
Casual U,Shoes,20.129474412950255
Formal X,Shoes,44.632052976188206
Sweaters S,Tops,96.57409040734781
Formal Z,Shoes,49.21272996648721
Empire I,Dresses,20.469483681866848
Scarves R,Accessories,37.184623323478014
Skirts U,Bottoms,55.1556134278552
Scarves Y,Accessories,97.5391213526573
Scarves N,Accessories,28.729984074658706
Bags N,Accessories,78.33397245730256
Casual Y,Shoes,53.052930424237225
Hats F,Accessories,28.284137103124813
T-shirts U,Tops,59.48058582625794
Skirts J,Bottoms,72.89186316362458
Jeans T,Bottoms,61.78314906722219
Skirts W,Bottoms,70.29945852411024
Scarves U,Accessories,76.19403243811675
Tunic R,Dresses,74.96506928222989
Scarves E,Accessories,18.27383477252084
Bags L,Accessories,83.21572482679132
Blouses T,Tops,44.68517095548766
Pants W,Bottoms,91.40773719379722
Blouses X,Tops,70.16574190950614
Empire D,Dresses,10.526050081606531
T-shirts Q,Tops,96.24122837210341
Bags F,Accessories,36.90808311008999
Casual N,Shoes,79.45647237483738
Sweaters D,Tops,12.303056510944844
Tunic K,Dresses,88.71114414690717
Formal J,Shoes,48.20752596710752
Sweaters Q,Tops,15.75955299790077
Jeans Q,Bottoms,68.9073681657012
Scarves N,Accessories,51.07020683090915
Tunic E,Dresses,52.050462070860874
Peplum O,Dresses,25.687968164810652
Blouses H,Tops,72.44776225052284
Blouses I,Tops,27.02282397241788
Bags O,Accessories,65.30861042259903
Peplum I,Dresses,38.2573919894185
Pants J,Bottoms,82.81898368108008
Sneakers T,Shoes,80.77750972151335
Pants X,Bottoms,71.64473663879218
Pants U,Bottoms,75.45513059116627
Formal Y,Shoes,96.77115419019992
Pants Z,Bottoms,97.95280789527052
T-shirts S,Tops,93.49906018280416
Sweaters S,Tops,25.95764384236419
Sneakers A,Shoes,26.195868317821915
Bags A,Accessories,53.567505352206325
Peplum Q,Dresses,33.01498724748545
Pants B,Bottoms,14.627798052143227
Formal L,Shoes,65.34612775236695
Sweaters V,Tops,36.52465681597458
T-shirts F,Tops,57.82725845866147
Hats Z,Accessories,88.78665357864286
Peplum J,Dresses,87.35519630606986
Sneakers O,Shoes,59.86601477230878
Tunic Z,Dresses,50.78455491684859
Sneakers V,Shoes,29.785615290384712
Pants P,Bottoms,25.97491667008712
Peplum Y,Dresses,85.82604889147304
Peplum G,Dresses,43.465917860910885
Bags L,Accessories,40.76752095208753
Pants V,Bottoms,67.93418827206754
Peplum V,Dresses,54.86646310374984
Casual N,Shoes,59.51695572163338
Pants J,Bottoms,58.83015860965436
Formal V,Shoes,39.311372593444375
Hats H,Accessories,97.36255567029794
Scarves Y,Accessories,61.71940892696298
T-shirts W,Tops,58.209018261794164
Jeans M,Bottoms,94.47068178660271
Skirts P,Bottoms,42.90878864739099
Skirts A,Bottoms,51.37595365445093
Peplum J,Dresses,37.13714179469767
Jeans U,Bottoms,52.48049677306937
Skirts F,Bottoms,83.38191087595229
Empire W,Dresses,86.62178679260133
T-shirts F,Tops,84.71575962446522
Sweaters C,Tops,47.95629441601378
Peplum O,Dresses,41.82336267908964
Empire C,Dresses,67.82742018724704
Empire C,Dresses,86.17453547115115
T-shirts M,Tops,62.073434560353135
Peplum F,Dresses,70.85764236164403
Pants N,Bottoms,58.832481324403936
Peplum H,Dresses,29.875712431912063
Peplum W,Dresses,97.84009751233441
Hats J,Accessories,10.62419890205197
Formal U,Shoes,46.24828459059972
Jeans X,Bottoms,58.20948102775248
Scarves I,Accessories,92.82158694643056
Casual O,Shoes,61.070123254941144
Peplum G,Dresses,48.2009036680913
Sneakers S,Shoes,72.98329799602843
Scarves F,Accessories,92.0548561415405
Blouses M,Tops,35.9648178709073
Sweaters K,Tops,73.52929451376451
Sneakers U,Shoes,87.14475590305199
Bags G,Accessories,76.88652218179841
Blouses V,Tops,24.943661819089225
Bags G,Accessories,20.32322258689113
Scarves F,Accessories,55.652276696458344
Empire Y,Dresses,91.03119942671856
Empire U,Dresses,72.2047327445741
Jeans R,Bottoms,25.754943040333565
Sneakers V,Shoes,88.46009890785643
T-shirts Y,Tops,10.449013465458762
Skirts X,Bottoms,47.12491258597775
Hats O,Accessories,40.205736224497585
Jeans E,Bottoms,47.14762763553881
Jeans G,Bottoms,29.549534400099756
Sneakers P,Shoes,42.83939879469165
Jeans W,Bottoms,32.339735328373905
Sneakers Z,Shoes,79.34919681918772
Peplum Z,Dresses,12.206162561537695
Tunic A,Dresses,50.24732277904325
Pants S,Bottoms,93.83733645983222
Pants T,Bottoms,37.364916720219576
Scarves M,Accessories,31.783618087246644
Sweaters K,Tops,96.81549660046845
Skirts T,Bottoms,70.8559371897824
Empire N,Dresses,19.8167807797006
Casual X,Shoes,48.55071650838458
Formal U,Shoes,56.10658389402758
Sweaters R,Tops,97.81632664125742
Skirts C,Bottoms,60.54330215438067
Empire C,Dresses,12.92823369966162
Casual J,Shoes,55.41224069101586
T-shirts T,Tops,85.22643288270626
Pants L,Bottoms,53.73361464362863
Sneakers F,Shoes,90.24659425009258
Casual E,Shoes,56.528974236020304
Bags R,Accessories,60.41721684752525
Casual Z,Shoes,89.0295321761524
Jeans C,Bottoms,75.02159828554613
Empire D,Dresses,52.26056678814339
T-shirts C,Tops,37.88865913688785
Skirts L,Bottoms,28.184003610360215
Pants F,Bottoms,78.83625521225323
Skirts Q,Bottoms,54.90531488131122
T-shirts D,Tops,46.88903174398882
Sneakers Q,Shoes,24.71191854143012
Sweaters M,Tops,43.1217926917598
Tunic H,Dresses,79.0753488474783
Sweaters N,Tops,84.15129791995082
Skirts F,Bottoms,47.164417918753536
Blouses E,Tops,95.31172986564712
Sweaters W,Tops,32.26566543934609
Scarves W,Accessories,37.650444715254025
Tunic J,Dresses,83.57260197557791
Bags A,Accessories,44.472341919092685
Sneakers O,Shoes,44.554685943986186
Casual E,Shoes,42.018586154560474
Tunic R,Dresses,82.60747374654387
T-shirts E,Tops,48.30580685430008
Sweaters P,Tops,64.41285490597622
Casual P,Shoes,12.14922707420227
Formal E,Shoes,71.26087921054454
Sweaters F,Tops,16.352157282590348
Skirts G,Bottoms,58.87788589909297
T-shirts X,Tops,71.21648218439196
Bags D,Accessories,29.706320442211496
Tunic L,Dresses,62.68049365881331
Pants G,Bottoms,43.60852458204136
Tunic T,Dresses,52.11419472645386
Formal W,Shoes,87.52328370888097
T-shirts M,Tops,30.25415774779603
Hats T,Accessories,79.69314335681773
Pants U,Bottoms,22.95182163625033
Jeans P,Bottoms,40.05118724103541
Tunic H,Dresses,55.638459624820904
Blouses K,Tops,76.43310923369052
Scarves M,Accessories,53.95988775367397
Pants H,Bottoms,28.317171536646303
Hats K,Accessories,81.5383803435335
Blouses Z,Tops,79.2516430095854
Formal Y,Shoes,70.84358411918558
Blouses Q,Tops,48.76290074470091
Peplum M,Dresses,51.60344375030654
Blouses K,Tops,36.275870461056066
Formal K,Shoes,81.05089289635309
Formal T,Shoes,63.96355024401003
Pants O,Bottoms,61.12353135900912
Empire Q,Dresses,61.377305460297094
Blouses X,Tops,39.862406009891686
Sweaters D,Tops,66.38512021864409
Tunic G,Dresses,68.70934560829168
Skirts H,Bottoms,60.56847523163694
Casual T,Shoes,67.66914939384671
Scarves M,Accessories,86.15403223103922
Sneakers Q,Shoes,42.811164431931985
T-shirts W,Tops,80.85602190820609
Sneakers M,Shoes,53.477245316065314
Formal A,Shoes,35.11033458516933
Sweaters B,Tops,11.205617074204165
Skirts W,Bottoms,91.98180658157378
Pants L,Bottoms,15.565245634526047
Tunic N,Dresses,41.09208358976143
Casual D,Shoes,28.67688800880296
Jeans S,Bottoms,99.53415026223877
Scarves K,Accessories,55.108910560566194
Skirts M,Bottoms,99.17215819119176
Jeans N,Bottoms,28.509422243005183
T-shirts F,Tops,43.81483522230394
Formal S,Shoes,99.51044383390565
Sweaters O,Tops,31.00279306710935
T-shirts U,Tops,59.598646824126874
Jeans P,Bottoms,87.95901205140233
Hats I,Accessories,81.18983754671466
Formal C,Shoes,13.859464886630672
Skirts N,Bottoms,95.05350478404395
Skirts J,Bottoms,74.49794146478091
Scarves J,Accessories,94.43446370211554
Empire Q,Dresses,75.02012175385782
Peplum A,Dresses,77.64675384161086
Sweaters F,Tops,82.41314909093722
Skirts P,Bottoms,81.9262119186886
Peplum B,Dresses,90.72772878020787
Scarves H,Accessories,78.00172834078045
Skirts M,Bottoms,62.03541646499076
Sneakers M,Shoes,16.941683592552362
Hats C,Accessories,45.27733569734535
Pants E,Bottoms,26.484351612206865
Pants M,Bottoms,32.77941856322818
Hats W,Accessories,65.63412192965664
Empire K,Dresses,70.46616504098002
Hats B,Accessories,36.478063170319814
Bags H,Accessories,61.91944421304937
Peplum W,Dresses,32.174578194248156
Formal B,Shoes,42.43069844172584
Casual M,Shoes,72.57666218370593
T-shirts K,Tops,48.26206962252915
Peplum H,Dresses,49.7016531233108
T-shirts S,Tops,34.352014893597946
Empire F,Dresses,69.06670045776109
Casual K,Shoes,32.784851269499995
Empire I,Dresses,28.861869745475833
Bags Y,Accessories,60.8024192492679
Scarves Z,Accessories,72.35831737637639
T-shirts R,Tops,15.074663789538024
Jeans J,Bottoms,48.13080262689294
T-shirts U,Tops,79.05275082168139
Tunic L,Dresses,22.783910789543686
Skirts J,Bottoms,59.200797386076275
Scarves A,Accessories,36.559588893015956
Formal T,Shoes,99.45943557074288
Formal K,Shoes,19.553427850046134
T-shirts Y,Tops,27.572723494816966
T-shirts I,Tops,34.64896858392429
Casual D,Shoes,41.87616580558442
Skirts B,Bottoms,87.67327706163212
Tunic U,Dresses,62.66451158816431
Tunic S,Dresses,40.480248742194235
Jeans F,Bottoms,70.69730962961255
Casual F,Shoes,81.64838114586587
Bags N,Accessories,31.22625224864393
Pants Y,Bottoms,39.49435391657443
Peplum R,Dresses,51.52459404479067
Scarves C,Accessories,66.02150091612455
Pants W,Bottoms,56.45517820018811
Hats N,Accessories,31.291994855708126
Casual K,Shoes,20.879619005206052
Sneakers G,Shoes,43.123508067877836
Bags Q,Accessories,98.11457438545604
Formal I,Shoes,12.944300267369531
Skirts P,Bottoms,51.604799558013994
Peplum U,Dresses,50.06292967874274
Hats E,Accessories,23.338168691725528
Hats Z,Accessories,24.324440041758677
Sneakers E,Shoes,39.431481238186564
Hats T,Accessories,34.4055159859374
Formal V,Shoes,81.15509909323713
T-shirts H,Tops,67.73604846819597
Blouses P,Tops,96.427527274418
Sneakers O,Shoes,68.06758743467373
Empire Q,Dresses,68.73370623608452
Skirts A,Bottoms,94.45313273637441
Casual M,Shoes,92.50412594040523
Peplum X,Dresses,74.13428046206676
Casual L,Shoes,44.612761779230226
Tunic V,Dresses,97.6414314342297
Empire R,Dresses,89.57503390660388
Blouses Z,Tops,10.617684818400372
Empire S,Dresses,38.894165462694886
Hats E,Accessories,17.736891567674128
Skirts V,Bottoms,44.36772018352522
Scarves X,Accessories,81.89419311668499
Tunic Y,Dresses,39.55598615441565
Bags P,Accessories,77.07353357492599
T-shirts I,Tops,65.14563808623694
Formal I,Shoes,47.475041660069415
Skirts U,Bottoms,87.66621414087085
Jeans V,Bottoms,24.45777073535885
Pants L,Bottoms,14.41887430325633
Skirts I,Bottoms,46.59747140832915
Skirts V,Bottoms,30.303624993272212
Empire K,Dresses,28.85202945118991
Casual P,Shoes,49.17890187602226
Blouses F,Tops,32.472593532509066
Blouses D,Tops,54.956047050060036
Sneakers I,Shoes,57.69111202610775
Skirts Y,Bottoms,90.99371519554951
Sweaters N,Tops,77.99881266574127
Pants Q,Bottoms,88.50420313589913
T-shirts Y,Tops,85.65124051827225
Skirts V,Bottoms,55.50985287497055
Tunic O,Dresses,62.046970382660504
Blouses V,Tops,91.58140359177962
Sneakers X,Shoes,24.423374967671897
Skirts F,Bottoms,34.45198576259985
Hats I,Accessories,38.552329695912704
Tunic Z,Dresses,31.501170683136614
Empire H,Dresses,12.82957080594469
Blouses Z,Tops,91.19900704494574
Pants D,Bottoms,40.2317267490869
T-shirts V,Tops,50.606730266923584
Skirts Z,Bottoms,13.624399796792583
Casual Y,Shoes,89.00257895392063
Jeans F,Bottoms,62.20791107666253
